102418alt3	· C 雕 D 假 · RECO
102422alt	NACIONAL [ N 众 s 卜
102423alt	50
102428alt	EIJIYASU JI L%GUE
115424alt	EIJIYASUDA J2 LEAGUE
11alt17	premier League
11alt18	Premier League
11alt2	premi
12015393alt1	J 彐 0 T¯li.Le
12019393alt	0 COUPE DLI TRONE
12040338alt	L'GUE
129372alt	SSe Ai rtricity LEAGUE 0F IRELAND
129372alt2	SSe Ai rtricity 睡 0F IRELAND
129372alt4	SSe Ai rtricity 睡 0F IRELAND
129373alt	SSe Airtricit 旧 E ND
129373alt2	SSe Ai rtricity LEEUE 贈 就 D
129373alt4	SSe Ai rtricity LEEUE 贈 就 D
129375alt	SPORTS DIRECT FAICUP
129558alt	PKOBank P01ski EKSTR AKLASA
129559alt	FORTU NA
129562alt	F 0 窟 T U N A PtlCHRR 巧 刈
129650alt	0 伙 “ GREE 匚 三
129650alt1	0 伙 an 」@三闩 ] 一 三 凵 三 闩 三 三 匚 三
129650alt2	0 伙 an S匕@三闩 l_ 三 凵 三
129650alt3	0 伙 an
129650alt4	象 oiX 而 an
129650alt5	Stoixman -
12alt	bet PLAY-OFFS EFL
1300398alt	OBOS
1301389alt	0 COPAAMERICA
1301389alt1	0 COPAA„ ERICA
1301389alt2	COPAAMERICA
1301390alt	AFRICA CUP OF NATIONS
1301403alt	Super•--•lP
1301412alt	202D 2 021 COPPA ITA 凵 A
1301422alt1	COPA
1301422alt2	COPA
1301423alt	动 0 苎 烹 （ 00 0 00 0 局 00 訛
1301427_alt	CARLJNGCUP
131287alt	FORTUNA:LIGA
136407alt	K LEAGUE 1 ， 凵 p
13alt	bet PLAY-OFFS
149216alt	《上鐦工0罴@《j
14alt	bet PLAY- OFFS
150783alt	UNDER21 剜 《 P
150783alt1	UNDER21 （ M 《 P
150784alt	UNDER21 剜 《 P
150784alt1	UNDER21 （ M 《 P
150787alt	UNDER-B 一 地 H
155008alt	凵 G
164021alt	2 Lea ue Tw
164022alt	2 Lea ue Tw
164023alt	2 Lea ue Tw
164024alt	2 Lea ue Tw
164025alt	2 Lea ue Tw
164026alt	2 Lea ue Tw
164027alt	2 Lea ue Tw
164028alt	2 Lea ue Tw
19158846alt	5UBZ
19158846alt2	5UBZ
19alt	N2
1alt	Jupiler Pro League
2000006226alt	EQA
2000023601alt	0
2000023602alt	0
2000023603alt	0
2000023604alt	0
2000032447alt	UNDER-B 一 地 H
2000032449alt	UNDER-B 一 地 H
2000032450alt	UNDER-B 一 地 H
2000032451alt	UNDER-B 一 地 H
2000032590alt	UNDER-B 一 地 H
2000032598alt	UNDER-B 一 地 H
2000032600alt	UNDER-B 一 地 H
2000046460alt	气 01 0 目
2000071675alt	2 Lea ue Tw
2000073336alt	[ 众 D 下 pnv ]
2000092419alt	Ct PA FFTL 2 0 2 0
2000289984alt1	AFRICAN FOOT BALL LEAGUE
20016870alt	2 Lea ue Tw
20017941alt	2 Lea ue Tw
20017948alt	2 Lea ue Tw
20031727alt	2 Lea ue Tw
20040518alt	2 Lea ue Tw
20046392alt	2 Lea ue Tw
20047465alt	2 Lea ue Tw
20502998alt	CANADIAN P M 》 LEAGUE
22alt1	BUNDESLIGA
2300046alt	OPTIBET A LYGA
23alt1	BUNDESLIGA
29alt	oredIVISIe
31039224alt	U-19
31051584alt	@0帚00适啩0《
317567alt	SUD 的 狲
35102297alt	OBERLIGA NIEDERSACHSEN
45alt	mcnch PREMIERSHIP
46alt	ecnch CHAMPIONSHIP
47017546alt	LFF TAURE
47alt	dbnch LEAGUE 1
48alt	panch LEAGUE 2
49038698alt	N3
50046767alt	N3
50046768alt	N3
50046769alt	N3
50046770alt	N3
50046771alt	N3
50046772alt	N3
50046773alt	N3
50046774alt	N3
50046775alt	N3
50046776alt	N3
50046777alt	N3
50046778alt	N3
50046779alt	N3
50046780alt	N3
50046781alt	N3
50046782alt	N3
50046783alt	N3
50048443alt	N3
50048444alt	N3
50048445alt	N3
5103714alt	PIICPING
5250794alt	TDA
5314302alt	MEMNOHAT
5314303alt	《上鐦工0罴@《j
5314304alt	《上鐦工0罴@《j
5321662alt	MEMNOHAT
5321663alt	MEMNOHAT
55006606alt	夢 憾 《 n
55065454alt	CAMPEONAIO RTJN 用 皿 8 斟 腓 li 黽 《 INI
5512771alt	SEGUN A DIVISI N PRO 三 5 ℃ L
5626560alt	0
5781023alt	UNDER-17 咼 M 0 ， H
5781024alt	UNDER-17 咼 M 0 ， H
59006943alt	AzaRBAYCAN
59007608alt1	UPA MOLDOVEI 亠 呷 中
61021798alt	牘 c & 〗 ℃ 0
61021809alt	、 t
61063387alt	PARWS 0 丁 0
62159235alt	凵 G
62159236alt	凵 G
64000176alt	凵 G
66029602alt	\ KLEAGUE2
6alt	、 SSUPER 凵 GA
72006960alt	{ 蕤 L 就 0 L 辶 @不勉@0睚戔
75016814alt	T D B
75045762alt	T D B
75045763alt	T D B
75045764alt	T D B
7580001alt	LIG
7581079alt	凵 G
781180alt	MEIJIYASUDA J3 L%GVE
791180alt	MEIJIYASUDA J3 LEAGUE
8830803alt	REOLIMACC
90alt	UEFA NATIONS
914522alt	N2
914523alt	N2
914524alt	N2
981733alt	2 Lea ue Tw
airtricitywomenspremierdivisionalt	SSe Ai rtricity LEAGUE 0F IRELAND
airtricitywomenspremierdivisionalt2	SSe Ai rtricity 侧 E IRELAND
airtricitywomenspremierdivisionalt4	SSe Ai rtricity
chile ascenso femenino	Ascenso F E M E N 1 N O
chile eprimera	ePRlMERf\ )IRECTV 00
chile femenino caja los andes	AJA LOSAN
chile futbol formativo infantil	Fütbol Formativ lnfantil
chile futbol formativo	FütboI Formativ GATORADE
chile futbol iniciacion	Fütbol lniCIaciön
chile futsal ascenso	FutsaI A S C E N 5 0 SPORTWAYCL
chile futsal femenino	FutsaI FEMENINO SPORTWAYCL
chile futsal primera	FutsaI P R 《 M E R SPORTWAYCL
chile futsal sub 17	FutsaI SPORTWAYCL
Finalissima	FINALISSIMA
Jersey-FA	JERSEY
New Zealand Central Football	C 暄 0 《
New Zealand Central League	€TR 的
New Zealand Central Leaguealt	CENTRAL
New Zealand Kate Sheppard Cup	0 」 NÄ 0 覆
New Zealand Kate Sheppard Cupalt	， 」 ND ON
New Zealand Mainland Football	MainIaM
New Zealand National Leaguealt	ON 黻
New Zealand Northern League	对 0 尽 的 FIR
New Zealand Northern Leaguealt	NOTHQN
New Zealand WaiBOP Football	00
TotalEnergies Africa Cup of Nations	AFRICA CUP
