1	Jupiler Pro League
100	SUB-20
100109	EUROPEAN QUALIFIERS
1001961	匚 F R 中 国
102413	19th n
102415	LIBERTADmES
102421	LIGA PROFESIONAL
102426	AULISTÄ ．
102427	Copa B £ 0 d0BRASIL
102428	明 治 安 田 生 命 月 LEåGtJE
102429	天 皇 杯 JFA CHAMmONSHlP
102430	Leva111 UP
1024815	彳 0 球 足
1025243	、 ASSO 1892 伽 G 0
103	F G F
1039313	N 悫 思 0 》 N H 厶 0
1039608	THAILAND
107	邝 0 iIB
107185	鼻也鼻囵@鼻閌@
107187	矣 裁 0 0 戔 》 @
107192	- 噁 只 0
107256	0 ] P N F 00T 昼 [ [ L 「 冂 E
107317	JAPAN
107318	JAPAN
108	P E 0 N A T 0 AMAPAENSE S 胭 ． 閻
108530	Reserve Action
109134	MLS ALL-STAR GAME
109135	PREmlERE 凵 GAPOKAL 凵 G 众
109200	200
109201	vanarama NATIONAL LEACUE
109202	THE UILDBASE A TROPH
109203	SETANTA p 0 R T 弓
109288	TROPHÉE 0E5 CHAMPIONS
110	ÉF 《
11024371	Kategoria e paré
11024374	Kategoria e paré
112	、 * 丰 M 阝
113	CAMPEONATO SUB19
114	CAMPEONATO MATO GROSSENSE 2022
114506	乁 丿 / 一 S V E R | G E
115	F. P. F.
115064	E F
115424	明 治 安 田 生 命 J2 L%GUE
117	-NF
118	RONDONIEN"
12	bet CHAMPIONSHIP
12015290	凵 GUEO mOöiIiS
12015395	LEAGLIE
12015446	ECYPTCUP
12016011	PREM IER EAGU
12017574	匚 A F 围 臼 ION
12019164	LIGUE - ．
12019218	de
12019393	COUPE DLI 0
12019395	呵 山 引 引 gh BOTOLRPRO
12031135	凵 GUEA
12034576	GO 凵
12040324	L 0 ， 。 LJI
12040325	L 0 ， 。 LJI
12040326	L 0 ， 。 LJI
12040338	L'GUE 〔
12058772	引 山 引 äJg@Jl BOTOLRPRO
12064107	《 4 GOJJ il/ 的
12076263	FEDEUTION M 黽 緗 筷 DE 00T L
12076264	FEDEUTION M 黽 緗 筷 DE 00T L
12078428	0 StalTmes
12078511	0 StalTmes
12078512	0 StalTmes
12078838	0TE DIVOIRE
120798	SPFL TRUST TROPHY
12081948	0TE DIVOIRE
12081971	0 L P F 》 ia 到 0 0 i0n00 《 de F00 《 ba 》 COte e
12081972	0 L P F 《 ia 到 0 引 0 不 0n00 № dO F00 《 ba 《 COte e
12082362	0TE DIVOIRE
12084359	Betika! N SUÉ LEAGUE
12087549	OOtbalI 01at0
12087550	OOtbalI 01at0
12093193	FEDEUTION M 黽 緗 筷 DE 00T L
12093194	FEDEUTION M 黽 緗 筷 DE 00T L
12093195	FEDEUTION M 黽 緗 筷 DE 00T L
12093196	FEDEUTION M 黽 緗 筷 DE 00T L
12093197	FEDEUTION M 黽 緗 筷 DE 00T L
12093198	FEDEUTION M 黽 緗 筷 DE 00T L
12093199	FEDEUTION M 黽 緗 筷 DE 00T L
12093200	FEDEUTION M 黽 緗 筷 DE 00T L
12093201	FEDEUTION M 黽 緗 筷 DE 00T L
12093202	FEDEUTION M 黽 緗 筷 DE 00T L
12093205	FEDEUTION M 黽 緗 筷 DE 00T L
12093206	FEDEUTION M 黽 緗 筷 DE 00T L
12093207	FEDEUTION M 黽 緗 筷 DE 00T L
12093297	Ligue du Centre deFOOtbaU
121	FTF SUB 19
126964	DIVISÅ@
126966	乁 丿 / 一 S V E R | G E
127285	〔 0 〕 庐 亡
127299	CHAMPIONS LEAGUE
129120	彗 鯊 鯊 USLI 鼻
129121	KAKKONEN
129122	KAKKONEN
129123	5UOMEN PALI.OIUJTO
129372	地 I 0 」
129374	SPORTS
129375	FAICI-.P SPORTS D R E C
129386	` f097e4
129388	亽 SENIQ 々
129559	FORTUNA 1 LIGR
129562	FORTUNA PUCHRR POLSKI
129649	KYflEAAO EAAAAAE
129650	了 tO X man
129652	\C 下 0
129985	ISUZU
129987	S DRUGA HRVATSKA NOGOMETNA LIGA
129988	S DRUGA HRVATSKA NOGOMETNA LIGA
13	bet LEAGUE ONE EFL
130023	SPORTS DIRECT PREMIERSHIP kEAGuE
130024	PLAYR—FiT TEAMWEAR CHAMPIONSHIP nifl
130025	冒 酽 酽 0 酽
130026	、 、 SH C& SADLER'S iPEAKY BLINDER
130027	BetMcLe?1L GU CUP
130028	power.com
130029	卦 000 勿 NORTHERN IRELAND 》
1300398	OBOS 凵 GAEN
1300580	PHILIPS
1300607	posrno
1300608	posrno
1300609	posrno
1300610	posrno
1300886	00 B 《
1301388	EURO 24
1301389	COPAAMERICA 还 V 厶 D002024
1301390	匚 A F 20 AFRICA CUP OF NATIONS CöTE 0 VO 》 RE 3
1301394	CHAMPION LEAGUE'
1301396	EUROPA
1301403	Pro League Supercup
1301404	CUP 0 League
1301405	ROYAL FA•lB9S
1301411	KNVB beker
1301412	COPPA ITA 凵 A
1301413	COPPA ITALIÅ 《 刁 0
1301414	SUPERCUP
1301415	L 燾 的 孰 0 0 b 0 實
1301417	0 ncaccf
1301418	0 ncaccf
1301419	CUPen
1301420	NorskTipping Ligaen
1301422	COPA
1301423	SUPERCOP 0 能 能 S 禹
1301427	匚 arabaa 匚 LJ 卩 æEFL
1301428	THE COMMuNITY SHIELO
1301429	JO NS TROPHY EFL
130185	阝 00 了
130186	日 R 《 S 日 A N E PREMIER L E A G U
130284	乙 t
130286	SüperLig
130485	XXII 膩 v50 苠 COAPYXECTBA
130488	2 LEON
130489	2 LEON
130490	2 LEON
130491	2 LEON
130492	2 LEON
130694	FONBET Y60K POCCMVI
130930	下 RAI \ 0
130933	匚 F R 中 国
130937	SUPERPUCHRR POLSKI
130968	Copa lnte 「 ame 「 icana
13100123	自 FR ℃ 鼎 NATIONS CHAMPIONSHIP
13100131	CHAMPIONSHIP
13100132	U ． 17 AFRICA CUP OF NATIONS
13104923	COSAFA u20 丫 戗 H CHAMPIONSHIP
13105499	ECAF
13105505	CECAF
13109920	GO 凵
13109926	LIGUE 1 CöTE D'IVOIRE
13109927	0 L P F 》 ia 到 0 0 i0n00 《 de F00 《 ba 》 COte e
13110090	0 L P F 》 ia 到 0 0 i0n00 《 de F00 《 ba 》 COte e
13110091	0TE DIVOIRE
13113730	AMILCAR CABRAL
13113731	WAFu Cup
13116705	JiOi
13117240	DIVISION ONE LEAGUE
13117331	《 4 GOJJ il/ 的
13117695	《 4 GOJJ il/ 的
13117696	《 4 GOJJ il/ 的
13117767	AFRICA CUP OF NATIONS
131234	PREMIERSHIP
131235	C H A M P 》 0 N S H | P
131272	A!r•ican Cu of Cup 1n00r
131273	SUPER CUP
13127845	CHALLENGE ` '
131287	FORTUNA ： LIGA
131288	FOTBALOVA NARODNI LIGA
131306	0 0
13135353	， 2 ZAMBIA
13135368	BA RC LAY
13135373	ZAMBIA
13135374	， 2 ZAMBIA
13135375	， 2 ZAMBIA
13135376	ZAMBIA
13135377	， 2 ZAMBIA
13135378	， 2 ZAMBIA
13147139	' 0n00 传
13147149	L 0 ， 。 LJI
13148019	虾 R 《 CUP OF NATIONS
13148135	4Bu»
13153644	L 0 ， 。 LJI
13153645	L 0 ， 。 LJI
13153646	L 0 ， 。 LJI
13153647	L 0 ， 。 LJI
13153648	L 0 ， 。 LJI
13153649	L 0 ， 。 LJI
13160886	到 0 胭
13162593	an e M 《
13170556	L 丨 B E R 《 A
13170557	0 ro
13170558	L 丨 B E R 《 A
13171645	L 丨 B E R 《 A
13171647	L 丨 B E R 《 A
13172336	MTN MTN E 凵 T E ONE
13172337	MTN EL'TE T 、 丿 口
13172340	FEDEUTION M 黽 緗 筷 DE 00T L
13172341	FEDEUTION M 黽 緗 筷 DE 00T L
13172342	FEDEUTION M 黽 緗 筷 DE 00T L
13190228	CASTLE P 趾 M 《 翮 SOCCER LEAGUE 0
13191378	CON
13191379	CON
13191380	CON
13191470	WAKU WEST FR 《 C 、 FOOTBALL UNION
13191471	WAKU WEST FR 《 C 、 FOOTBALL UNION
13191657	巧 阝 P
13194866	ZAMBIA
13194867	ZAMBIA
13194868	ZAMBIA
13194869	ZAMBIA
13205835	《 4 GOJJ il/ 的
13206645	0 ncaccf
13206669	0 ncaccf
13206708	0 ncaccf
13211602	4Bu»
13211626	B N 《 N FBF
13211630	N 召 ON L FOOT
13211633	GAMBIA
13211634	GAMBIA
13211635	GAMBIA
13211639	BETKING E LEAGUE
13211640	SportPeso
13211641	0 00 刊 0 》
13211642	0 00 刊 0 》
13211643	0@男@茅 000
13211654	00r6 5S00 飞 0
13211655	UPER 》
13211659	btc premiership
13211660	orange FA CU
13211661	BFA
13211666	0 BURUNDI
13211667	0 BURUNDI
13211681	Ovodacom Ligue1
13211684	FEGUIFUT
13211685	FEGUIFUT
13211686	FEGUIFUT
13211690	E 逋 P 围 ^ PREYIER LEQGUE
13211692	FFRIM
13211693	RÉGIONAL
13211697	DEBM RINE
13211698	NFA NAMIBIA F(H)TBALL A 、 S( ℃ 丨 AT 《 0 丶
13211699	NFA NAMIBIA F(H)TBALL A 、 S( ℃ 丨 AT 《 0 丶
13211701	NIGER
13211702	NIGER
13211704	€eRWA,e
13211705	€eRWA,e
13211709	BARCLAYS LEAGUE
13211710	SEYCHELLES
13211711	SEYCHELLES
13211712	RAISE YOUR GAME
13211713	RAISE YOUR GAME
13211714	RAISE YOUR GAME
13211715	NÅTIONLINK
13211716	SFF
13211717	SFF
13211721	M 丆 剮 PREMIER LEAGUE
13211722	E FA
13211723	E FA
13211724	NBC PREMIER LEAGUE
13211840	FEGUIFUT
13211955	rse 祈 n 酽
13211963	OOtbalI 01at0
13212850	FEGAFOOT
13213174	4Bu»
13213227	FFRIM
13213228	FFRIM
13213419	NFA NAMIBIA F(H)TBALL A 、 S( ℃ 丨 AT 《 0 丶
13213841	NIGER
13214089	€eRWA,e
13214180	SEYCHELLES
13214181	SEYCHELLES
13214387	E FA
13216278	GAMBIA
13217101	CECAF UCAN 0
13217110	s p 8
13219623	DIVISION ONE LEAGUE
13219624	DIVISION ONE LEAGUE
13219625	DIVISION ONE LEAGUE
13221117	SUPER 0 世
13221306	FEGUIFUT
13221307	FEGUIFUT
13221409	öirt 刨
13227602	00r6 5S00 飞 0
132321	MOZZART
132321alt	MX MOZZART ． 0 甲 eH 圯 a
132323	&JE
135941	京 的 CEA ，
135942	禹 总 00
135974	` 0 丷
135975	2D SEGIJNDR DI 讥
135976	M CO
136041	FORTUNA sk. A
136408	· FA CUP
136409	2 9
136411	K• LEAGUE ALLSTAR
136414	0 銎 到 貊 2m2
136499	． LAV_KUP ．
136513	CladAfrIica C H A M P | 0 N S H | P
136514	CladAfrIica C H A M P | 0 N S H | P
136515	elkd 70 丿
136516	MTN
136517	om
136519	LEAGUE
136543	ADMIRAL BUNDES 凵 GA
136544	ADMI RAL 2 ． 凵 GA
136547	OFB CUP
137890	10 Challenge
137892	SCHWEIZER CUP
14	bet LEAGUE T 0
1400399	廴 G 磊 N Z 》 廴 E 0M0
1400400	LND SERIE 0 0
1400401	《 ND SERIE 0 0
1400402	LND SERIE 0 0
1400403	LND SERIE 0 0
1400404	LND SERIE 0 0
1400405	LND SERIE 0 0
1400406	LND SERIE 0 0
1400407	LND SERIE 0 0
1400408	LND SERIE 0 0
14037262	PRIMERA D Befol
14063636	SLJPERCOPA
14244125	外 TENS 下 0
14244129	GA TUCUMANA 氈 FlJT301
14244131	LPF
14244135	LIGA RAFAELINA DE FÜTBOL
14244136	L.R.F.R.C•
14244137	L D D 0 0
14244138	。 C 桃 乙 科
14244140	] [ FUTBOI
14244141	L•CH•F
145236	COSAFA CUP
145429	SE IEC
145430	SE IEC
145431	乁 丿 / 一 S V E R | G E
145438	。 N ～ 卜
145450	KAKKONEN
145509	0L0 CU
145510	〔 MPIO
146957	《 0
146958	就 00 河 禹 思 鯊 CUP
147006	BH
147023	PLAYR—FiT TEAMWEAÄ PREMIERINTERMEDIATE nifl
147027	BH
147028	KUP
147032	匚 A F COUPE D'AFRIQUE DES 《 0
148289	vodacom CHALLENGE
149558	LEAGUE THE OFC
15004635	00 B 《
15007722	田@望」灧0就」
15020803	阝 00 了
15021571	FOOTBALL SOUTH _USTRALI'
15021579	FOOTBALL SOUTH _USTRALI'
15022116	STATE LEAGUE 1
15022468	STATE LEAGUE 1
15025400	PREMIER
15041771	《 0 QUEENSLAND
15042155	田@望」灧0就」
15045005	LIC LAW R 》 S 日 ． 砌 ` 」 E APITA E A G
15045546	阝 00 了
15045547	阝 00 了
15052001	STATE LEAGUE 2
15052002	STATE LEAGUE 2
15052003	STATE LEAGUE 3
15052004	STATE LEAGUE 3
15053067	Proudly Supporting Sunshine Coast Footba
15053086	LIC LAW RISBANE APITA
15053095	LIC L RISBANE APITA
15053098	VET CiTY L E AG E
15053102	下 00 ， 0 LL
15053174	0 00r0d Wide Bay
15053550	00010 《
15053810	下 00 ， 0 LL
15054401	STATE LEAGUE 1
15054402	STATE LEAGUE 2
15054403	STATE LEAGUE 3
15054405	STATE LEAGUES
15056055	STATE LEAGUE 2
15058935	0 鑫 ON 公 《 M 惬 卩咼然@U
15058936	0 鑫 ON 公 《 M 惬 卩咼然@U
15059440	PHILI%
15060171	ALBU RY WO D 0 0
15060240	LEA
15062863	STATE LEAGUE 1
15063497	STATE LEAGUE 4
15063498	STATE LEAGUE 4
15063499	STATE LEAGUE 4
15063500	STATE LEAGUE 4
15063501	STATE LEAGUE 4
15063502	STATE LEAGUE 5
15063503	STATE LEAGUE 5
15063504	STATE LEAGUE 5
15063505	STATE LEAGUE 5
15063506	STATE LEAGUE 5
15066129	（ 0 R ／ \ 00
15066133	A 髯 e ， FederaOon [AFF) U19 CHAMP 《 ONSHIP
15073100	厂 00T8 ^ LL 00 已 0 ． COAS
150783	UNDER21
150784	UNDER21
150786	UNDER-T
150787	UNDER-W
150794	DEo 0 BALL
150795	DEo 0 BALL
15083847	FOPL
15088302	[还0@飞地辑 0@剽騰L 00T 為 过
15090908	STATE LEAGUE 3
15090961	阝 00 了
150913	tPCäS pa 臼 uri / 0 LIG 磊
150915	O S 猃 889
150994	LENG U
151986	， öF
151987	卦 000 忉 NORTHERN IRELAND 》
152046	0
152048	HOOFD KLASSE
156003	， öF
157155	LIGA 3
157425	BetPlay DIMAYOR
158186	0 0 0 0 0 0 0 0 0
16	凵 C U E 1 uber Eats
16000149	'OFB ，
16000659	5TFl'
16000661	WFV
16000662	0 Fußbaltverband
16000663	00 FUSSBALL VERBAND
16031334	2 · 凵 GA
16031335	2 · 凵 GA
16031336	2 · 凵 GA
16031483	WFV
16031547	2 · 凵 GA
16031548	2 · 凵 GA
16031980	OPI
16032038	WFV
16032039	WFV
16032865	5TFl'
16033131	5 焱 SL 6 ！ 对 ·
16033139	'OFB ，
16033140	'OFB ，
16033141	'OFB ，
16033142	'OFB ，
16033143	'OFB ，
16033145	'OFB ，
16033146	'OFB ，
16033147	'OFB ，
16033148	'OFB ，
16035500	'OFB ，
16036165	WFV
16036166	WFV
16036167	0 Fußbaltverband
16036168	0 Fußbaltverband
16036176	5TFl'
16036177	5TFl'
16036178	5TFl'
16051062	'OFB ，
16051697	WFV
16053609	ERSTE ， N 0 R D
16053612	ERSTE S Ü D
16057917	ZWEITE 凵 GA S U D
16057918	Z E 《 T E 凵 G A N 0 R 囗
16057919	S A L Z ， 凵 G A
16057920	ERSTE ， 凵 G A
16068262	'OFB ，
16068284	WFV
16068285	WFV
16068286	WFV
16068287	WFV
16068288	WFV
16068289	0 Fußbaltverband
16068290	0 Fußbaltverband
16068291	0 Fußbaltverband
16068292	0 Fußbaltverband
16068293	0 Fußbaltverband
16068294	0 Fußbaltverband
16068295	0 Fußbaltverband
16068296	0 Fußbaltverband
16068297	0 Fußbaltverband
16068298	0 Fußbaltverband
16068299	0 Fußbaltverband
16068300	0 Fußbaltverband
16068301	0 Fußbaltverband
16068302	0 Fußbaltverband
16068303	0 Fußbaltverband
16068304	0 Fußbaltverband
16068305	0 Fußbaltverband
16068306	0 Fußbaltverband
16068307	0 Fußbaltverband
16068308	0 Fußbaltverband
16068309	0 Fußbaltverband
16068310	0 Fußbaltverband
16068311	0 Fußbaltverband
16068312	0 Fußbaltverband
16068313	0 Fußbaltverband
16068314	0 Fußbaltverband
16068315	0 Fußbaltverband
16068316	0 Fußbaltverband
16068317	0 Fußbaltverband
16068318	0 Fußbaltverband
16068319	0 Fußbaltverband
16068320	0 Fußbaltverband
16068321	0 Fußbaltverband
16068345	'OFB ，
16068346	Z W E | T E N 0 R D
16068347	Z W E | T E N 0 R D
16068348	ZWEITE KL SÜD
16068371	5TFl'
16068372	5TFl'
16068373	5TFl'
16068374	5TFl'
16068375	5TFl'
16068376	5TFl'
16068377	5TFl'
16068378	5TFl'
16068379	5TFl'
16068380	5TFl'
16068381	5TFl'
16068382	5TFl'
16068383	5TFl'
16068384	5TFl'
16068385	5TFl'
16068386	5TFl'
16068387	5TFl'
16068388	5TFl'
16068389	5TFl'
16068390	5TFl'
16068391	5TFl'
16068392	5TFl'
16068393	5TFl'
16068394	5TFl'
16068408	ADMIRAL
16068409	枥 “ 流 、 C
16068412	ViIIacher Bier KFV-Cup
16068413	／ 0 老 出 的 到 0 00 巛 0 £ 0
16068414	n 酐 ） ADMIRAL SPORTWETTEN NÖ-Cup
16068415	'OFB ，
16068416	'OFB ，
16068417	'OFB ，
16068418	'OFB ，
16068419	J 芒 0
16069671	00 FUSSBALL VERBAND
16069672	00 FUSSBALL VERBAND
16082228	0 Fußbaltverband
16082229	0 Fußbaltverband
16089909	0 Fußbaltverband
16102134	'OFB ，
16102270	／ NÖ
16102308	0 Fußbaltverband
16102759	'OFB ，
16151325	USSBALLCLJ
16154765	WFV
16154861	WFV
16154862	WFV
16154863	WFV
16154864	WFV
16154865	WFV
16154866	WFV
16171639	WFV
16182815	5TFl'
16190468	WFV
16190473	5TFl'
16192449	'OFB ，
16209645	5TFl'
16209662	5TFl'
16224597	0 Fußbaltverband
16234008	0 Fußbaltverband
16234009	WFV
16234010	WFV
16234011	WFV
16234012	WFV
16234322	0 Fußbaltverband
16234385	WFV
16234418	WFV
16234450	WFV
16234451	WFV
16234501	WFV
16234502	WFV
16234560	WFV
16234561	WFV
16234668	{UGEND egionalliga 0s7 ．
16234717	'OFB ，
16234718	'OFB ，
16235036	5TFl'
16235037	5TFl'
16236363	0 Fußbaltverband
16236364	0 Fußbaltverband
16236420	0 Fußbaltverband
16236421	0 Fußbaltverband
16236422	0 Fußbaltverband
16236423	0 Fußbaltverband
16236533	0 Fußbaltverband
16236534	0 Fußbaltverband
16236535	0 Fußbaltverband
16236536	0 Fußbaltverband
16236537	0 Fußbaltverband
16236538	0 Fußbaltverband
16236539	0 Fußbaltverband
16236540	0 Fußbaltverband
16236767	0 Fußbaltverband
16236768	0 Fußbaltverband
16236769	0 Fußbaltverband
16236770	0 Fußbaltverband
16236771	0 Fußbaltverband
16236772	0 Fußbaltverband
16236773	0 Fußbaltverband
16236774	0 Fußbaltverband
16236775	0 Fußbaltverband
16236776	0 Fußbaltverband
16236777	0 Fußbaltverband
16236778	0 Fußbaltverband
16236779	0 Fußbaltverband
16236780	0 Fußbaltverband
16236781	0 Fußbaltverband
16236782	0 Fußbaltverband
16236783	0 Fußbaltverband
16236784	0 Fußbaltverband
162380	CARLING 丿 伊
162450	F00 尹 Est 200b
162451	SAIB
162504	2 LIGR ewmner
16251692	0 Fußbaltverband
16264392	REGIONALLIGAWest
16264393	REGIONALLIGAWest
16264419	REGIONALLIGAWest
16267558	'OFB ，
16267560	'OFB ，
16267606	'OFB ，
16267625	'OFB ，
16267643	'OFB ，
16267660	'OFB ，
16267662	'OFB ，
16277559	5TFl'
16302524	tt.com
16309834	5TFl'
16310112	5TFl'
16310451	0 Fußbaltverband
16310464	0 Fußbaltverband
16310473	0 Fußbaltverband
16310481	0 Fußbaltverband
16310492	0 Fußbaltverband
16310615	0 Fußbaltverband
16310621	0 Fußbaltverband
16310677	0 Fußbaltverband
16310727	0 Fußbaltverband
16310728	0 Fußbaltverband
16310876	0 Fußbaltverband
16310877	0 Fußbaltverband
16310878	0 Fußbaltverband
16310879	0 Fußbaltverband
16310914	0 Fußbaltverband
16310935	0 Fußbaltverband
16311282	0 Fußbaltverband
16312585	0 Fußbaltverband
16312586	0 Fußbaltverband
16312663	0 Fußbaltverband
16312689	0 Fußbaltverband
16312734	0 Fußbaltverband
16313200	0 Fußbaltverband
16313212	0 Fußbaltverband
16313230	0 Fußbaltverband
16313257	0 Fußbaltverband
16313300	0 Fußbaltverband
16313366	0 Fußbaltverband
16313381	0 Fußbaltverband
16313635	0 Fußbaltverband
16313673	0 Fußbaltverband
16313689	0 Fußbaltverband
16313709	0 Fußbaltverband
16313743	0 Fußbaltverband
16314228	0 Fußbaltverband
16314325	0 Fußbaltverband
16314326	0 Fußbaltverband
16314455	0 Fußbaltverband
16314669	0 Fußbaltverband
16314670	0 Fußbaltverband
16315140	0 Fußbaltverband
16315141	0 Fußbaltverband
16315142	0 Fußbaltverband
16315247	0 Fußbaltverband
16315341	0 Fußbaltverband
16315342	0 Fußbaltverband
16315343	0 Fußbaltverband
16315437	0 Fußbaltverband
16315438	0 Fußbaltverband
16315439	0 Fußbaltverband
16315440	0 Fußbaltverband
16315441	0 Fußbaltverband
16315442	0 Fußbaltverband
16315443	0 Fußbaltverband
16315444	0 Fußbaltverband
16315768	0 Fußbaltverband
16315769	0 Fußbaltverband
16315770	0 Fußbaltverband
16315771	0 Fußbaltverband
16315772	0 Fußbaltverband
16315970	0 Fußbaltverband
16316199	0 Fußbaltverband
16316200	0 Fußbaltverband
16316266	0 Fußbaltverband
16316296	0 Fußbaltverband
16316849	0 Fußbaltverband
16316850	0 Fußbaltverband
16316851	0 Fußbaltverband
16316852	0 Fußbaltverband
16316853	0 Fußbaltverband
16316854	0 Fußbaltverband
16316944	0 Fußbaltverband
16316945	0 Fußbaltverband
16316946	0 Fußbaltverband
16316947	0 Fußbaltverband
16316948	0 Fußbaltverband
16316949	0 Fußbaltverband
16316950	0 Fußbaltverband
16316951	0 Fußbaltverband
16316952	0 Fußbaltverband
16316953	0 Fußbaltverband
16316954	0 Fußbaltverband
16316955	0 Fußbaltverband
16316956	0 Fußbaltverband
16316957	0 Fußbaltverband
16316958	0 Fußbaltverband
16317138	0 Fußbaltverband
16317139	0 Fußbaltverband
16317140	0 Fußbaltverband
16317141	0 Fußbaltverband
16317214	0 Fußbaltverband
16317228	0 Fußbaltverband
16317266	0 Fußbaltverband
16317287	0 Fußbaltverband
16317381	0 Fußbaltverband
16317402	0 Fußbaltverband
16317403	0 Fußbaltverband
16317404	0 Fußbaltverband
16317405	0 Fußbaltverband
16317433	0 Fußbaltverband
16317434	0 Fußbaltverband
16317435	0 Fußbaltverband
16317436	0 Fußbaltverband
16317437	0 Fußbaltverband
16317438	0 Fußbaltverband
16317439	0 Fußbaltverband
16317440	0 Fußbaltverband
16317441	0 Fußbaltverband
16317442	0 Fußbaltverband
16325006	WFV
16325692	0 Fußbaltverband
164021	0 WO
164022	0 WO
164023	0 WO
164024	0 WO
164025	0 WO
164026	0 WO
164027	0 WO
164028	0 WO
167279	CHAMPIONSHIP
167768	TO P KLASSE
17	LIGUE 2
1701138	DIVISION
17011389	00 《 000 的
1701139	DIVISION
1701195	O S 猃 889
17012177	CYnEPKY6AK
1702406	O S 猃 889
18	《 《 ON
1803481	TAR
18051439	ROYAL FA•lB9S
18054139	ROYAL FA•lB9S
18103045	械 0 丫 BELCIAN FA•189S
18103046	械 0 丫 BELCIAN FA•189S
18103047	械 0 丫 BELCIAN FA•189S
18103052	械 0 丫 BELCIAN FA•189S
18104685	械 0 丫 BELCIAN FA•189S
18104694	械 0 丫 BELCIAN FA•189S
18111376	8 R A B A N T LCLAPB 《 （ 01P8
19	N2 ATlONAL2
1900171	SOCCER CSL.
1900173	opEN CANADÅ CANADA CUP
1900708	卦 000 忉 NORTHERN IRELAND 》
1900712	冒 酽 酽 0 酽
1900713	冒 酽 酽 0 酽
19095789	的 隸 〕 」 0A0 雪 〕
19127365	： 三 讞 心 ： ： 芤 三 ： ： 还
19143916	C 0 P IJ 凵 S 丆
19145360	0 T 《 ACIO AL lpwanaa
19157300	亻 爨 孓 A 阝 阝
19157723	0
19164238	Sa ntiago
19164481	F P F
19166136	員 SO 过 刂 C 《 0 焱
19187651	0 ” 血 3RA5JI=
19219045	FtJTE FFP
19222809	COPA VERDE
19275395	FMF
19308455	0 到到然到榧@思丛0
19360383	- CONMEBtll
19360837	XI Juegos Suramericanos A 沁 啵 2022
19372402	BRED BANK VANUATU
19373299	（ OP 众 DO NORDESTE SUB-20
19408863	TACAAAS FA 、 ．
2	Challenger Pro League
2000003340	OM SAVEZ
2000003348	DRUGA LIGA FEDERACIJE BiH „ZAPAD"
2000003600	FEGUIFUT
2000003885	》 70 不 丁
2000003886	》 70 不 丁
2000003898	LI G E 0 PAYS 0 E LA LO 《 E
2000003900	LI G E 0 PAYS 0 E LA LO 《 E
2000003902	LURA F 0 0 0
2000003903	LURA F 0 0 0
2000003904	LIGuE CORSE 0 FOOTdALL
2000003906	LFO
2000003907	LFO
2000003908	LFO
2000003909	凵 G 匚 匚
2000003910	凵 G 匚 匚
2000003914	L 》 G E GRAND EST
2000003916	L 》 G E GRAND EST
2000003917	L 》 G E GRAND EST
2000003918	LIGUE CENTRE VAL 0 E LOIRE
2000003919	LIGUE 鲢 FOOTBALL 0 HAUTS 0EFRANCE r„FHF
2000003920	LIGUE 鲢 FOOTBALL 0 HAUTS 0EFRANCE r„FHF
2000003921	F F
2000003922	NO R M 荪 ND 《 了
2000003923	NO R M 荪 ND 《 了
2000003924	F F
2000003996	H A T
2000004164	DRUGA LIGA FEDERAC 刂 E BiH „CENTAR"
2000004165	DRUGA LIGA FEDERACIJE BiH „JUG"
2000004166	DRUGA LIGA FEDERACIJE BiH „SJEVER"
2000004167	$CPC
2000004168	m ： tel
2000004370	姬 HEAT
2000004477	L.D.F.C.
2000004479	pnNDO
2000004793	LIC MX
2000004855	》 70 不 丁
2000005213	\C 下 0
2000005214	\C 下 0
2000005216	卧 长 QN 乏 0 7924
2000005220	7 9 21 0
2000005221	7 9 21 0
2000005222	7 9 21 0
2000005292	1939
2000005293	\ ？ QN XANIA 、 7950 “
2000005294	7 9 41
2000005318	砌 2000 0
2000005319	00 0r0
2000005352	讠 KQ 生 EBPCB
2000005353	卦 \ 四 0 NORTHERN IRELAND
2000005363	《 P 丫 臼
2000005369	H000 〗 A 丨 p QN U2MATEIQN 0 1984
2000005382	芝 0 勿 匚 ， rPEBENA
2000005405	*PQTAN
2000005409	00 0
2000005440	KAETOPIAE
2000005475	KEPR 7 9 5 2
2000005539	E.n.E.
2000005540	E.n.E. 六 E [ B 0 Y
2000005541	E.n.E. 六 E [ B 0 Y
2000005566	QM
2000005581	1g29
2000005595	ZNS
2000005596	ZNS
2000005598	| " d 在 、 后 丷 “
2000005599	KOG
2000005600	ORASJE
2000005624	1971
2000005643	E.n.Z. nPEBEZAi-AEYKAAAE 19 81
2000005647	1946
2000005650	E.n.E. OEÜIPQTIAE 798N
2000005651	旧 KQ
2000005652	E.n.E. OPAKHE
2000005653	0 ENQEH no 0 £ 0 P 《 KQN EQMATEIQN NOMOY TPIKAAQN
2000005658	2 1973 7
2000005666	Z 禹 Y 代 00Y 忡 87
2000006311	引 肛 E
2000006312	引 肛 E
2000006871	GO 凵
2000009383	AAPIEAE 9 6 0
2000015109	℃ OP § U 疊 00 ECuabet
2000016282	L. P. de F.
2000016770	3
2000017067	B 引
2000017077	凵 G 厶 BAL@MPIE, MEX 《 （ 0
2000017538	MAKEAOHCKA AI'I 「 A
2000017539	MAKEAOHCKA AI'I 「 A
2000017540	MAKEAOHCKA AI'I 「 A
2000017541	MAKEAOHCKA AI'I 「 A
2000017542	MAKEAOHCKA AI'I 「 A
2000017543	MAKEAOHCKA AI'I 「 A
2000017544	MAKEAOHCKA AI'I 「 A
2000018085	ow `
2000019552	\C 下 0
2000019553	\C 下 0
2000019650	CAMPEONATO DE FUTEBOL 00s ACORES
2000020138	飞 S 0 00 00
2000020175	Thurlow Nu " 0 ， > 了 ） Leag1 」 e EASTERN 〔 0 刂 、 T 《 ES FOOTBALLLEAGIJE
2000020176	Thurlow Nu " 0 ， > 了 ） Leag1 」 e EASTERN 〔 0 刂 、 T 《 ES FOOTBALLLEAGIJE
2000020179	20 、 、
2000020180	North West Counties FOOtball League
2000020181	North West Counties FOOtball League
2000020182	℃ o OOTBAO- T() 《 》 LS'I' T 丨 0 、
2000020183	@Eba NORTHERN L E A G I-J E
2000020186	0 · f 飞 z
2000020188	sOUTHÖ1 、 ， 9 91
2000020190	&DEO 、
2000020192	AGU
2000020346	SINCE
2000020448	WOSFL
2000020449	WOSFL
2000020450	WOSFL
2000020451	WOSFL
2000021600	SUPERCOPA
2000022969	LURA F 0 0 0
2000023271	L 》 G E GRAND EST
2000023347	LIGUE 鲢 FOOTBALL 0 HAUTS 0EFRANCE r„FHF
2000023453	， öF
2000026310	18
2000026311	@INVERNESS ” TROPHY CENTRE
2000026313	ABERDEENSHIR CUP Express
2000026314	Mornson Motors
2000026315	a Munro North of Scotland CUP
2000027251	LEÅGUE
2000027254	STOCK
2000027261	TOCK
2000029413	0
2000029414	擻 0
2000029415	巛 0 Z ℃
2000029416	擻 0 I/GIJR\Å
2000029417	擻 0 I/GIJR\Å
2000029419	巛 0 PUGL\Å
2000029420	巛 0 PUGL\Å
2000029422	0
2000029423	0 BRULIO
2000029424	0
2000029425	擻 0
2000029426	擻 0
2000029427	巛 0 Z ℃
2000029428	0
2000029432	LND 0 CÅ 懵
2000029433	擻 0
2000029436	0
2000029437	0
2000032447	UNDER-W
2000032449	UNDER-W
2000032450	UNDER-W
2000032451	UNDER-W
2000032590	UNDER-W
2000032598	UNDER-W
2000032600	UNDER-W
2000037003	WOSFL
2000038380	O'ZBEKISTOÆ 0 '
2000038391	jgnslih LEAGUE
2000038392	jgnslih LEAGUE
2000038393	jgnslih LEAGUE
2000038394	jgnslih LEAGUE
2000038395	jgnslih LEAGUE
2000038398	jgnslih LEAGUE
2000042693	\C 下 0
2000043126	0 vodacom Ligue2
2000043354	\C 下 0
2000043360	\C 下 0
2000045308	ISRAEL 0
2000046460	这 乁 0 还 0 0
2000046462	HORIZONS P R E M 《 E R S 旧 P
2000046464	TARANAKI p R E M R S 汩 P
2000046465	OTB
2000047645	cBLDea
2000048814	L.R.F. L@Ros邁能u F 还 `
2000050094	b KO
2000051634	S 辶 “ 0 」 “ SOCCER
2000053478	擻 0 R 〔
2000055367	CANADIAN
2000057260	PREM ERE LIGUE COUPE
2000059334	擻 0 R 〔
2000060085	0 0 UMBR\Å
2000064286	VANUATU FOOT 性 FEDERATION
2000064287	VANUATU FOOT 性 FEDERATION
2000064291	VANUATU FOOT 性 FEDERATION
2000064292	VANUATU FOOT 性 FEDERATION
2000064416	VANUATU FOOT 性 FEDERATION
2000066197	PlayerMatch
2000067460	LEAGUE
2000067841	垡 0 IJMBR\\
2000067842	垡 0 IJMBR\\
2000068082	*PQTAN
2000068083	*PQTAN
2000072990	0 Fußbaltverband
2000072991	0 Fußbaltverband
2000072992	0 Fußbaltverband
2000072993	0 Fußbaltverband
2000072994	0 Fußbaltverband
2000072995	0 Fußbaltverband
2000072996	0 Fußbaltverband
2000072997	0 Fußbaltverband
2000072998	0 Fußbaltverband
2000073017	5TFl'
2000073018	5TFl'
2000073019	5TFl'
2000073020	5TFl'
2000073021	5TFl'
2000073022	5TFl'
2000073023	5TFl'
2000073329	峋 au5 P@KAL
2000073330	TOTO
2000073331	COSY W 巛 “ 茫 S 驴 0 慕 L BERLIN
2000073332	AOK L 描 DESPO L
2000073333	LOTTO-POKA *LOTTO 0
2000073335	0 丿 骁
2000073336	LANDESPOKAL
2000073338	0 拒 0 巛 巛 且 0 誕
2000073340	． ； Rh 函 心 nd
2000073341	Pokal
2000073342	POKAL SACHSEN
2000073343	fSh
2000073347	THURINGEN POKAL
2000073349	Regio 80 “ ． Württemberg
2000073653	0 一 凵 乜 《 0 凵 」 到 《 刮 9 〕 SECO"O OWlSIOn LE"GUE
2000073654	0 一 凵 乜 《 0 凵 」 到 《 刮 9 〕 SECO"O OWlSIOn LE"GUE
2000073725	SAFF
2000074243	ENQEH n0A0 £ 0 P 《 KQN EQMATEIQN NOMOY TPIKAAQN
2000074244	0 ENQEH no 0 £ 0 P 《 KQN EQMATEIQN NOMOY TPIKAAQN
2000074273	1971
2000074274	1971
2000075256	、 0 茜 0
2000075257	Landes LIGA
2000075273	SSBA （ £ 少 砌 孕 0 G 0 0
2000075277	THURINGEN LIGA
2000075278	SACHSEN POKAL
2000075286	FUSSBALLVERBAND
2000075287	乁 DE 乙 / 广
2000075288	Schröder 凵 G 々 SAAR
2000075289	V [ 0 N 0 、 G A
2000075290	V [ 0 N 0 、 G A
2000075291	V [ 0 N 0 、 G A
2000075293	SBFV
2000075461	5 C 杓 / 0
2000080893	巛 0 CMBR\\
2000080894	巛 0 CMBR\\
2000080916	0
2000080917	00 亻 B 、 、 、 20 14
2000080918	sOUTHÖ1 、 ， 9 91
2000080919	FOUNDED 1953
2000080920	CountiU 下 OOtb ] Le ， ue
2000080921	NORTHERN L E A G U E
2000080922	T()(DLSTATI()N AGU
2000080923	OTBAL
2000080924	飞 S 0 00
2000080926	Thu ： ！ 00 N000 ， > ． 了 、 《 League 'ASTÉRN 《 0 刂 、 T S LEAGLI
2000080929	PlayerMatch
2000091752	06JIACTHh 「 PYM'I
2000092325	06JIACTHh 「 PYM'I
2000092419	C± PA FFTL
2000092705	G19 NASJONAL SERIE
2000092706	G19 NASJONAL SERIE
2000092707	G19 NASJONAL SERIE
2000092708	G19 NASJONAL SERIE
2000092715	NORDMORE 佣 ROMSDAL
2000092716	HORDALAND
2000092717	TRONDELAG
2000092718	0S [ 0
2000093009	F S H F KATEGORIA E TRETÉ
2000093167	KATEGORIA E DYTÉ
2000093168	KATEGORIA E DYTÉ
2000094524	H 1 0
2000094876	7 éetPIay DIMAYOR
2000094972	L R F B U
2000095029	HALO 删 ND
2000095030	ROGALAND
2000095032	INDRE OS_TIAND
2000095101	F S H F KATEGORIA E TRETÉ
2000095103	F S H F KATEGORIA E TRETÉ
2000095264	L.F.R.E. PANDO
2000095440	SUPERICOPA JUVENIISFCF
2000095574	PITC PARTNERS WITH NO RT H ER N P R E M 《 ER LEAGUE
2000095878	H 1 0
2000095881	H 1 0
2000095882	H 1 0
2000095885	H 1 0
2000096806	DE 974
2000097049	LOWLAND L E A G U E 凵 CU PFÄ"
2000097050	WOSFL
2000097052	lnspi sport
2000097099	女 1916 女
2000097284	FOUNDED 1953
2000097483	L.M.F.L.
2000098627	L ． O. F. P. r»AYSANO 冂
2000098779	0 R
2000098780	SOCIACIO DE FUTBO E YOUN
2000099705	EAST O F S C O T L A N D
2000099706	EAST O F S C O T L A N D
2000100870	ASCENSO ^ 00N ^ L
2000100875	适 醚 PRO 身 - A LO
2000101095	咿 B RC 巧 WOMEN ， S SUPER LEAGUE
2000101312	巛 0
2000102082	STOCK D 舡 NORTHERN 一 LEAGUE CUP
2000102644	RO
2000103320	MAKEAOHCKA AI'I 「 A
2000103321	MAKEAOHCKA AI'I 「 A
2000103322	MAKEAOHCKA AI'I 「 A
2000103323	MAKEAOHCKA AI'I 「 A
2000103325	MAKEAOHCKA AI'I 「 A
2000103327	MAKEAOHCKA AI'I 「 A
2000103360	MAKEAOHCKA AI'I 「 A
2000105272	BetPIay DIMAYOR
2000106796	0 Fußbaltverband
2000106797	0 Fußbaltverband
2000106798	0 Fußbaltverband
2000107193	BARCLAYS C WOMEN ， S CHAMPIONSHIP
2000108122	3
2000108123	3
2000109603	F 0 0 T B A L L
2000110213	飞 S 0 00 00
2000110214	飞 S 0 00 00
2000112148	0 0 I/GIJR\\
2000112786	， 00M 0
2000112955	SEGUNDA DIVISION AMATEUR
2000114482	巛 0 0
2000114483	巛 0 0
2000115012	FO
2000115013	FO
2000116068	LND 0
2000116606	0
2000116607	0
2000116609	0
2000117798	0
2000119015	巛 0
2000119018	巛 0
2000120613	SAFF
2000120614	SAFF
2000120615	SAFF
2000120616	SAFF
2000120899	PC 8 R OE 《 0yT60 了 A
2000124496	0 。 孓 ： 气 之 7
2000124497	0 。 孓 ： 气 之 7
2000126063	1g29
2000126065	1g29
2000133507	〗 OMAR{ / 0N3
2000149107	00 飞
2000149343	～以凿00@。0
2000150744	LEAG%AI
2000152068	RO
2000152069	RO
2000157475	FINALISSIMÆ
2000158675	SUPER LEAGUE
2000158962	思 U ， CO ， 魚
2000158963	ISTHMIAN FOOTBALL LEAGUE
2000158964	飞 S 0 00 00
2000158965	飞 S 0 00 00
2000158970	macn9n CUP
2000158971	` 曬 E S
2000158972	℃ o OOTBAO- T() 《 》 LS'I' T 丨 0 、
2000158973	@Eba NORTHERN L E A G I-J E
2000158975	SINCE
2000158976	0 · f 飞 z
2000158977	0 · f 飞 z
2000158978	Sussex Principal RUR Charity Cup p R 《 N 0 PA L
2000158980	uhlsport UNITEO COUNTIES FOOTBALL LEAGUE
2000158981	&DEO 、
2000158982	T' 《 》 《 》 LST T 》 N "AGU
2000158984	PlTCtIING SUPER CUP WINNERS
2000158988	CAMBRIOGESHIRE COUNTY LEAGUE
2000158992	四 OT 々
2000158993	OOTB 下 ST20 、 9
2000158994	OOTB 下 ST20 、 9
2000158995	FO
2000158997	0
2000158998	0 0 1968
2000159000	\OB COØv
2000159002	0
2000159003	℃ E STE R SHIR 〔 S 〔 N 》 0 FOOTBALL LEAGLJE
2000159004	«e F00t6
2000159005	0 LCC ， 0 20 № 7 IZL
2000159006	F00 Est 1893
2000159007	0 SUSS
2000159009	00UN0
2000159010	MIDDLESEX COLJNTY
2000159011	20 、 、
2000159013	northamptonshire 〔 0 m b i n a t i 0 n
2000159014	冫 N 0 [ 0 1 臼
2000159017	oMAS
2000159018	0 FOUNDED 1983
2000159021	0 · f 飞 z
2000159022	sOUTHÖ1 、 ， 9 91
2000159023	5 ℃ Piran &ootbas (eague
2000159024	5 ℃ Piran &ootbas (eague
2000159025	四 RD 乡
2000159026	RQ SIL
2000159027	SLRREY PREMER COIJKTY LEAGUE
2000159029	WEARSIDE LEAGUE
2000159030	CHES&/
2000159031	FOOr
2000159032	、 725 ．
2000159033	ORKS
2000159035	18g1
2000159036	ßKSH/ 0 7
2000159038	CAMBRIOGESHIRE COUNTY LEAGUE
2000159040	OOTB 下 ST20 、 9
2000159041	FO
2000159042	0 0 1968
2000159043	0 LCC ， 0 20 № 7 IZL
2000159044	F00 Est 1893
2000159045	MIDDLESEX COLJNTY
2000159046	northamptonshire 〔 0 m b i n a t i 0 n
2000159047	冫 N 0 [ 0 1 臼
2000159049	0 · f 飞 z
2000159050	sOUTHÖ1 、 ， 9 91
2000159051	sOUTHÖ1 、 ， 9 91
2000159052	sOUTHÖ1 、 ， 9 91
2000159053	sOUTHÖ1 、 ， 9 91
2000159054	5 ℃ Piran &ootbas (eague
2000159055	四 RD 乡
2000159056	CHES&/
2000159057	、 725 ．
2000159061	4RlCT
2000159063	B 《 R M | N G H A OOTBALL LEAG u
2000159065	.ORTHING
2000159066	øßlSTO( 00
2000159067	00 亻 &RISTOV
2000159068	CAMBRIOGESHIRE COUNTY LEAGUE
2000159072	四 OT 々
2000159073	CORNWALL 000 ． F(X)TBALL ASSOCIATION
2000159074	0 BER 嵫 〖 乙 ASSO
2000159076	DORSET FOOTBALL LEAGUE
2000159077	BERKS&4 EBFL
2000159078	CORNWALL 000 ． F(X)TBALL ASSOCIATION
2000159082	0
2000159084	SENIOR
2000159087	00UN0
2000159088	\OB COØv
2000159089	FOUNDED 1953
2000159090	FOUNDED 1953
2000159091	FOUNDED 1953
2000159092	FOUNDED 1953
2000159094	0
2000159095	0
2000159096	℃ E STE R SHIR 〔 S 〔 N 》 0 FOOTBALL LEAGLJE
2000159097	0 LCC ， 0 20 № 7 IZL
2000159098	F00 Est 1893
2000159099	0 SUSS
2000159100	MIDDLESEX COLJNTY
2000159101	MIDDLESEX COLJNTY
2000159102	MIDDLESEX COLJNTY
2000159103	20 、 、
2000159104	5
2000159106	40 S 1904
2000159109	northamptonshire 〔 0 m b i n a t i 0 n
2000159110	冫 N 0 [ 0 1 臼
2000159113	oMAS
2000159114	PLYMOUTH WEST DEVON FOOTB LEAGUE
2000159115	F00
2000159116	0 FOUNDED 1983
2000159120	四 RD 乡
2000159121	RQ SIL
2000159122	SURREY FA
2000159126	0 0 OONDED 、 、
2000159127	fiY\AL'1,o
2000159128	0 & 45 亻 《
2000159130	\OGE &
2000159131	WEARSIDE LEAGUE
2000159132	CHES&/
2000159133	FOOr
2000159134	、 725 ．
2000159136	ORKS
2000159137	18g1
2000159138	ßKSH/ 0 7
2000159139	1 № 岫 Ot -1
2000159140	0 0 OONDED 、 、
2000170123	L 巨 J01
2000172243	7 9 21 0
2000172703	澎尽旧0》新@0奏河 00筌@筌0：地喧
2000172951	AFNACH
2000172954	萨 0 00
2000172955	A.F.E.
2000172960	ASO FUTBOL
2000172961	500A00N PROVINCIAL 以 臼 〕 TBOL PROFES•ONAL CARCH IULCÅN-ECUMXER
2000172964	AFNA
2000173838	气 萇 就 丨 儿 R 刂 以
2000173840	0 0 · 乙
2000173842	00L 0 《 0
2000173850	Li a gcaldense de'Fütb01
2000173855	巧 c 众 DE
2000173857	0
2000173858	AAIARC-A
2000173860	0 引 AN 4RMADASO€
2000173864	乊 TG
2000173866	MAGFUTBOL
2000173868	IANDE
2000173870	0 ND 、 0
2000173872	LIDEFUTBOL
2000173873	0 CA CALI
2000173880	RISARALDENSE
2000173881	fUTBOLoe 凵 FUTBOL 《 H U 《 LA
2000181484	dale farm PROTEIN MILK RRY CAVAN YOUTH Cup
2000183548	EAST O F S C O T L A N D
2000183549	EAST O F S C O T L A N D
2000183550	EAST O F S C O T L A N D
2000186167	ow `
2000196780	MIDLANDS
2000200076	APINDUZI CLJ
2000209813	ADM 《 RAL FRAUEN BUNDESLIGA
2000217716	Cup
2000232910	LEAGUE 訃 SSe Artncny
2000237821	以 E 虾
2000237822	0 SOUTHWEST
2000237823	以 E 虾
2000237824	IO VALL
2000237825	瞓 E 榭 《 0 虾 ORTHWE
2000237826	NORTHERNC
2000237827	諂 E
2000237828	跹 认 北 NA 以 E 虾
2000237830	M\D-ATLANT/C
2000237832	@就认北《 伽 以 諂 LORIDA
2000279903	FRAUEN BU N DESLIGA
2000289984	F•OTALL
20016870	0 WO
20016871	N P S L
20016872	N P S L
20016873	N P S L
20016874	N P S L
20016875	N P S L
20016876	N P S L
20017135	SPSL ℃ ERLEAGUE
20017941	0 WO
20017948	0 WO
20029576	N P S L
20029577	N P S L
20029578	N P S L
20030685	NRSL
20030686	NRSL
20030687	NRSL
20031727	0 WO
20031797	N P S L
20031798	N P S L
20031799	N P S L
20031800	N P S L
20033731	lOns |
20033732	lOns |
20035150	凵 G EIOC
20037253	SOCCER
20040487	NRSL
20040488	N socc THE CHRMPIONSHip
20040498	LISB
20040499	lOns |
20040518	0 WO
20046392	0 WO
20047465	0 WO
20047508	ea 0 ne
20047509	ea 0 ne
20500261	LE 巪 臭 ON
20502998	CANADIAN
209137	nexTGen
209944	MLS
212952	MLS
214404	YOUTH
214717	伽 № 醵
214919	A-4EA@UE
215307	乁 乁 丿 / 一 S V E R | G E
215363	ISUZU
215380	0L0 CU
215440	LIGAI betsson
215441	LIGAI betsson
215814	MLS
215815	MLS
215831	PRIMERA DIVISIÖN PROFESIONAL
215852	LIGAI betsson
215853	LIGAI betsson
215854	LIGAI betsson
217951	ROYAL FA•lB9S
217952	ROYAL FA•lB9S
217965	Campeonat0 PlanVi 囿
218716	+ONG 彳
219423	PREMIERSHIP
219424	etL
219467	S H E 《 D
219703	S F 1
219715	TheFA YOUTH CUP
219717	+ONG 彳
219720	ELffELOR
219740	scotiaban
22	BUNDESLIGA
22014984	06JIACTHh 「 PYM'I
22072369	EJIhTHA 「 PYTIA U19
222986	1902 0
222988	ROMOCI YREERVAS
222989	ROMOCI YREERVAS
222990	ROMOCI YREERVAS
222993	、 0 6E5
223598	5UOME
223599	5UOME
225495	、 0 6E5
23	BUNDESLIGA
2300049	II
2300050	premier League
2300051	Rrst Divisi@n
23007188	THAILAND
23025136	彳 0 球 足
23026234	4ssocx•
23036284	RedBu11
23038303	0 00 两 黜 魎 0 000
23049225	、 91 INGAQ
23053221	匚 F R 中 国
23057281	+ONG 彳 丿 球 足
23061000	0u0 IR.IFF—A.L„O 0
23061001	0u0 IR.IFF—A.L„O 0
23062639	LEAGUE
23071760	JAUg•O 0 ' 0 ．
23077978	LEAGUE
23077979	LEAGUE
23077980	LEAGUE
23077981	LEAGUE
23077982	LEAGUE
23078221	／ FU 0
23078275	T H E C 0 E E N T 《 0 E
23078277	KUWAIT F.A
23078278	KUWAIT F.A
23078280	THAILAND
23084472	0
23086526	DARUSS
23086527	DARUSS
23086528	DARUSS
23086529	DARUSS
23087388	SAFF
23088614	HONG 0
23089858	FL 0
23090713	OMANF,W
23090714	[ SS 、 cup
23090715	0 怡 ℃ m
23090849	00 ' m• 訕 L000u 晰
23090900	· Y 阝 禹 0
23090901	· Y 阝 禹 0
23090902	· Y 阝 禹 0
23090903	· Y 阝 禹 0
23090904	· Y 阝 禹 0
23090905	· Y 阝 禹 0
23090919	M*L€AGU€I
23090922	MYANMAR NATIONAL
23090960	MYANMAR ISHE
23090971	只 33 旦
23090999	| RAQ CUP
23092167	0
23092244	UAE
23093031	CHARITY SHIELD
23093045	dhifQQ9U DremieX
23093046	CMCUP 2 1 1
23093257	+ONG 彳
23098891	0
23099026	FEDERATION CUP 2021
23099027	SAFF
23103790	0 PRIME M ； 《 S CUP
23103791	FOOTBALL FEDERATION
23106018	THAILAND
23106020	H 厶 N
23110303	匚 F R 中 国
23110304	匚 F R 中 国
23110305	匚 F R 中 国
23110306	匚 F R 中 国
23110307	匚 F R 中 国
23110308	匚 F R 中 国
23110309	匚 F R 中 国
23110310	匚 F R 中 国
23110311	匚 F R 中 国
23110312	匚 F R 中 国
23110313	匚 F R 中 国
23110314	匚 F R 中 国
23110315	匚 F R 中 国
23110316	匚 F R 中 国
23110317	匚 F R 中 国
23110318	匚 F R 中 国
23110319	匚 F R 中 国
23110320	匚 F R 中 国
23110321	匚 F R 中 国
23110322	匚 F R 中 国
23110323	匚 F R 中 国
23110324	匚 F R 中 国
23110325	匚 F R 中 国
23110326	匚 F R 中 国
23110327	匚 F R 中 国
23110328	匚 F R 中 国
23110329	匚 F R 中 国
23110330	匚 F R 中 国
23110331	匚 F R 中 国
23110332	匚 F R 中 国
23110333	匚 F R 中 国
23110334	匚 F R 中 国
23110335	匚 F R 中 国
23110336	匚 F R 中 国
23110337	匚 F R 中 国
23110338	匚 F R 中 国
23110339	匚 F R 中 国
23110340	匚 F R 中 国
23110341	匚 F R 中 国
23110342	匚 F R 中 国
23110343	匚 F R 中 国
23110344	匚 F R 中 国
23110345	匚 F R 中 国
23110346	匚 F R 中 国
23110347	球 公
23114212	IR.IFF-A.LO
23114213	IR.IFF-A.LO
23114228	] 首 一 ： 10 过 《 訂 机 0 《 Lä 0
23114688	SSOC\ 卜
23114755	NEPAL
23116769	匚 F R 中 国
23121281	LEAGUE CUP 2021 22
23151830	FGHANISTAN
23151831	0 YRWT - 2019
23151832	0 酉 j00 F F T L
23151834	0 亻 B 01
23154525	龍 密 Long Teng Cup
23158777	OMANF,W
23159013	jl 引 09 》
23159015	jl 引 09 》
23159079	／ 00
23159206	JFA
23159207	JFA
23159502	grameenphone Super @up
23159604	SRI LANKA FOOTBALL
23159611	SRI LANKA FOOTBALL
23159612	SRI LANKA FOOTBALL
23160189	· Y 阝 禹 0
23160191	· Y 阝 禹 0
23160192	· Y 阝 禹 0
23160301	FL
23160302	FL
23160303	UFL
23161442	SRI LANKA FOOTBALL
23161445	N tl 0 Mdr•id11d lsldll(ls footbdll 丶 、 0 国 dtlOIl
23161532	MYANMAR
23161539	SRI LANKA FOOTBALL
23161540	SRI LANKA FOOTBALL
23162489	EDIATE
23162680	NEPAL
23162928	、 《 1 如 ！ 一 jF20V• BARAGOLD
23163013	加 0 而
23163376	0 酉 j00 F F T L
23163853	DARUSS
23163862	IRAQI SUPER CUP
23164957	LEB 劌 0
23164958	LEB 劌 0
23168447	V.LEAGuE 1
23168448	V.LEAGuE 1
23168449	V.LEAGuE 1
23168450	V.LEAGUE2
23168451	V.LEAGUE2
23168453	LEB 劌 0
23168454	LEB 劌 0
23168463	ARABIAN GULF LEAGUE
23168464	ARABIAN GULF LEAGUE
23168465	FIRST DIVIS ℃ N LEAGUE
23168466	FIRST DIVIS ℃ N LEAGUE
23177174	AFC u23 NCUP
23177175	AFC u23 NCUP
23179126	+ONG 彳
23184254	MALDIVES
23184385	B CL
23191444	LEB 劌 0
23192165	0
23193285	MYANMAR NATIONAL
23193569	MYANMAR
23194524	4ssocx•
23194681	M*L€AGU€I
23194697	N tl 0 Mdr•id11d lsldll(ls footbdll 丶 、 0 国 dtlOIl
23198844	MYANMAR
23199309	MALDIVES
23201524	U · 18 013 GUAM
23201533	LEAGUE
23209359	TA H 《 T 《
23209361	COOK SLAND
23209362	COOK SLAND
23209364	FIJI FACT
23209368	厂 00 乁 g 卜
23209369	厂 00 乁 g 卜
23209370	、 P N G F A
23209371	PNGFA
23209380	[ N D E P E N D E N C E C U P
23209383	閥 LA 睚 LD 0 《 PORn 0 pO 胩 ` 0 0
23209385	VANUATU FOOT 性 FEDERATION
23209387	CHAÄITY djp
23209388	NEWZEALAND FOOTBALL
23209465	彳 0
23209466	彳 0
23209762	U · 19 0 FC
23209782	》 U · 17 0 仁 ch001
23210246	Föötbäll
23210915	FOOTBALL FEDERATION
23211501	TONGA
23211678	VANUATU FOOT 性 FEDERATION
23220662	D 《 og Chan ， p℃的 League
23220663	D 《 og Chan ， p℃的 League
23220676	LEB 劌 0
23226118	KUWAIT F.A
23226177	BECKS GFA CUP
23268106	球 公
23274463	／ ， FU 0
23276339	TIONAL CLLJ PIONS
23287301	0 022
23295494	阝 M
23295495	阝 M
23295502	匚 F R 中 国
23320616	0
23321125	+ONG 彳
23321221	VFF
23321806	CEVTRAL AS \
23325003	THE AGA KHAN GOLD CUP
23331664	JC
23339574	0 leaguc 闸 ． 輛 n Gulf
23339575	0 leaguc 闸 ． 輛 n Gulf
23340293	NEPAL
23340303	WDHA SUBBA ;•RedBull
23341966	《 G
23352758	FL 0
23352759	FL 0
23354237	LEAGUE
23354238	LEAGUE
23354239	OURNAYENT
23354788	THAL LEAGUE
23354789	THAL LEAGUE
23354822	OURNAYENT
23354823	OURNAYENT
23354824	OURNAYENT
23354825	OURNAYENT
23354826	OURNAYENT
23356307	C H 《 N 众 L E 众 G U Z 以
23356308	C H 《 N 众 L E 众 G U Z 以
23356749	匚 F R 中 国
23359921	CAL
23366086	0 THAI LEAGUE 3
23370720	匚 F R 中 国
23371964	彳 0 球 足
23383574	》 愷 DE 卩 E E CLJP 2021
23383987	+ONG 彳
23388432	As500
23388433	As500
23388435	GUE PRO
23388436	GUE PRO
23388452	As500
23390833	MALAYSIB
23390834	0 宓 《 《医典的U@
23392469	足 球
23396186	L FA
23396187	L FA
23396219	L FA
23397138	LEAGÖ
23397216	CEVTRAL AS \
23398468	oouau THAILAND EHAMPIONE GUP
23401762	SRI LANKA FOOTBALL
23401763	SRI LANKA FOOTBALL
23402297	+ONG 彳
23404335	CO IM 禹 DO
23404340	+ONG 彳
23404372	+ONG 彳
23404373	+ONG 彳
23404384	+ONG 彳
23404385	+ONG 彳
23416509	00H 1 AYr33P
23446874	仨 召 刀 矽
23447243	0
23447244	0
23447431	C 0 p 众 p A 凵 N 0 L C A N T A R
23448646	深 圳
23454913	CAL
23455592	删 N 删 CUP
23461696	足 球
23461699	足 球
23465649	CHALLENGE CUP
23482321	M4 LIGA ．
23482327	MYANMAR ISHE
23482328	MYANMAR ISHE
23500734	+ONG 彳
24000259	， 2
24000265	ø0METN/s GORANS•
24000267	JSKI 日 讖 S 训
24000275	` SAVEQ
24000276	1 ． iNL
24000277	0G0 酾
24000278	ZNS
25019588	SYNOT TIP SUPERPOHAR
25053391	JUNIORSKA 凵 GA
25054613	UPER POHAR
25055212	JUNIORSKA 凵 GA
25060473	FO R T U N A sk. 8
252884	CANADIAN
252885	CANADIAN
26	REGIONALLIGA NORD
26014948	ynEM
26037114	I(O n CFL•
27001459	O S 猃 889
27001479	O S 猃 889
27001496	O S 猃 889
27065986	O S 猃 889
27115528	DIVISION
27115529	DIVISION
27115530	DIVISION
27123722	O 四 SD / 889 ．
27136802	O 四 SD / 889 ．
27136803	O 四 SD / 889 ．
27136807	O 四 SD / 889 ．
29	eredIVISIe
29047086	、 〖 OtiaDc- ． ． CFU M E N ， S CARIBBEAN[CUP
29052500	0 data svstems
29052548	TheFA lTAL12
29052571	TheFA
29052734	TheFA 0 0 0 0 0 0 0 0 0
29138853	OOTB 20 14
29192582	+ OO
29212089	F.OOTBALL ， M N 0 £
29236871	JD 乾 艹
29237059	Qgue
3	ROYAL FA•lB9S
30	Keuken Kampioe d V S e
30004922	PITC PARTNERS WITH ISTHMIAN FOOTBALL LEAGUE
30004923	PITC PARTNERS WITH ISTHMIAN FOOTBALL LEAGUE
30004925	C 思 焦 GU 茫
30007231	飞 S 0 00 00
30007232	Thurlow Nunn> 了 Leag1 」 e EASTERN 〔 0 刂 、 T 《 ES FCOTBALLLEAGUE
30007233	C00
30007234	EL FOIJNDED 1953
30007235	Southe•n Ceunt'es 0
30007237	North West Counties FOOtball League
30007238	OOTBAO- T 《 》 《 》 LS'I' T 丨 0 、
30007239	äEba NORTHERN L E A G I-J E
30007240	sOUTHÖ1 、 ， 9 91
30007241	0 5 C 《 0 0 f 飞
30007243	&DEO 、
30007244	T' 《 》 《 》 LST T 》 N "AGU
30007798	0 0 b 以 1 1 1 0 以 以 u 0
30010179	丰 一 艹
30010180	丰 一 艹
309678	B 00
309680	GOOANAO
309681	GOIANAO
309686	心 0
309688	的@000
309697	COPA DO NORDESTE
309707	Liga Sul M 而 05
31038501	PITC PARTNERS WITH ISTHMIAN FOOTBALL LEAGUE
31039224	U · 19 0 FC
31051584	EUROPA
31051860	I.-JnIte
313192	0 A M P E 0 N 0 T 0 MAPAENSE
313194	匚 A M 0 N AT 0 CEARENSE
313195	匚 A M 0 N AT 0 CEARENSE
313200	》0@就在嫲司
313204	MATO-GROSSEtQ
313205	CAMPEONATO MATO GROSSENSEi 0 divisäo
313206	（ 头 材 P 0 头 T 0 PARAIBANO
313207	， ． 〔 A M P E 0 N AT 0 、 · PARAIBANO 2 。 OIVISÅO
313210	£ 4 M PE 巳 N ATO POTIGUAR
313211	£ 4 M PE 巳 N ATO POTIGUAR
313212	ONDO E 幫 0
313216	SERGIPÅNO
313218	． CAMPEONATO TOCANTINENSE P R 》 M E 《 R A D 《 V S 0
313220	P 厶 R 厶 Z 厶 0 BAN PARA
313221	PARÅ F P F F,UTEBOL
314731	0
314732	P 黽 凵 ST 禹 0A2 乱 < L
317567	SUD 狲
32	SERIE A = TIM
33000001	0 罾 虱 鼻 USLI 地 鼻
33000117	KAKKONEN
33000118	KAKKONEN
33000119	KAKKONEN
33000120	KAKKONEN
33044341	KAKKONEN
33044342	KAKKONEN
33044343	KAKKONEN
33044344	5UOHEN PAUOLUTTO
33052612	5UOHEN PAUOLUTTO
33071460	5UOHEN PAUOLUTTO
33071461	5UOHEN PAUOLUTTO
33071465	5UOHEN PAUOLUTTO
33071466	5UOHEN PAUOLUTTO
33071818	5UOHEN PAUOLUTTO
33071819	5UOHEN PAUOLUTTO
33072729	5UOHEN PAUOLUTTO
34	SE IEC
35	SE IEC
35010927	REGIONALLIGA WEST
35024472	TRRH BREMEN 凵 GA
35024473	OBERLIGA NIEDERSACHSEN
35024474	OBERLIGA NIEDERSACHSEN
35024476	OBERLIGA
35102297	OBERLIGA NIEDERSACHSEN
36	SE IEC
36012660	\C 下 0
36031104	E0\JLKn
36031105	E0\JLKn
36031106	E0\JLKn
36031107	E0\JLKn
36031108	E0\JLKn
36031109	E0\JLKn
36031110	E0\JLKn
36031111	E0\JLKn
36031112	\C 下 0
36031113	\C 下 0
36042397	卧 长 QN 乏 0 7924
36042398	QM
36042400	砌 2000 0
36042402	芝 0 勿 匚 ， rPEBENA
36042404	KAETOPIAE
36042405	《 P 丫 臼
36042406	1971
36042414	AAPIEAE 9 6 0
36042415	0 ENQEH no 0 £ 0 P 《 KQN EQMATEIQN NOMOY TPIKAAQN
36042417	旧 KQ
36042418	E.n.E. OPAKHE
36042419	讠 KQ 生 EBPCB
36042421	2 1973 7
36042422	H000 〗 A 丨 p QN U2MATEIQN 0 1984
36042425	00 0r0
36042427	*PQTAN
36042428	E.n.E. OEÜIPQTIAE 798N
36042430	E.n.Z. nPEBEZAi-AEYKAAAE 19 81
36042432	7 9 21 0
36042436	1g29
36042438	Z 禹 Y 代 00Y 忡 87
36042440	KEPR 7 9 5 2
36042442	7 9 41
36042444	1939
36042445	E.n.E.
36042446	\ ？ QN XANIA 、 7950 “
36042447	1946
36042448	00 0
36049765	\C 下 0
36087248	FOOTBALL LEAGUE Onan
36099822	\C 下 0
36130695	S 凵 PERI—E sports nova
36130696	S 凵 PERI—E sports nova
36130697	S 凵 PERI—E sports nova
36130698	S 凵 PERI—E sports nova
36139289	厂 E9vIKfi
36139290	厂 E9vIKfi
36149286	Z 禹 Y 代 00Y 忡 87
36149289	2 1973 7
36149290	0 ENQEH no 0 £ 0 P 《 KQN EQMATEIQN NOMOY TPIKAAQN
36149291	E.n.E. OPAKHE
36149292	旧 KQ
36149293	E.n.E. OEÜIPQTIAE 798N
36149296	1946
36149297	E.n.Z. nPEBEZAi-AEYKAAAE 19 81
36149300	1971
36149301	1g29
36149302	QM
36149649	E.n.E.
36149653	AAPIEAE 9 6 0
36149661	KEPR 7 9 5 2
36149664	KAETOPIAE
36149666	00 0
36149667	*PQTAN
36149668	长 QN Q 钐 @lAlnnoE 丶 0
36149670	巛 ON 0 钐 亻 匚 ， 「 PEBENA
36149672	H000 〗 A 丨 p QN U2MATEIQN 0 1984
36149673	《 P 丫 臼
36149675	讠 KQ 生 EBPCB
36149676	00 0r0
36149677	砌 2000 0
36149679	7 9 41
36149680	1939
36149681	\ ？ QN XANIA 、 7950 “
36149683	卧 长 QN 乏 0 7924
36149688	7 9 21 0
36149785	S 凵 PERI—E sports nova
36149786	S 凵 PERI—E sports nova
36500022	GlßRALTAR 0 LL ASSOCIATION•
36500023	GlßRALTAR 0 LL ASSOCIATION•
36500071	Gibtelecom RO C CUP
36500270	GlßRALTAR 0 LL ASSOCIATION•
36500428	GlßRALTAR 0 LL ASSOCIATION•
36500463	GlßRALTAR 0 LL ASSOCIATION•
36511385	GlßRALTAR 0 LL ASSOCIATION•
36511386	GlßRALTAR 0 LL ASSOCIATION•
36513864	GlßRALTAR 0 LL ASSOCIATION•
36513866	GlßRALTAR 0 LL ASSOCIATION•
36514013	GlßRALTAR 0 LL ASSOCIATION•
36517295	00T
36527043	GlßRALTAR 0 LL ASSOCIATION•
36528944	GlßRALTAR 0 LL ASSOCIATION•
37	SE IEC
37024268	TO P KLASSE
37024269	TO P KLASSE
37043719	IE KLASSE
37043751	0 IE KLASSE
37043752	IE KLASSE
37043753	IE KLASSE
37043754	IE KLASSE
37043755	IE KLASSE
37043756	0 IE KLASSE
37043757	IE KLASSE
37043758	IE KLASSE
37043759	IE KLASSE
37043760	IE KLASSE
37059991	notlon bet DIVISIE
37059992	DERDE DIVISIE
37059993	DERDE DIVISIE
37066039	2e KLASSE
37066040	2e KLASSE
37066041	2e KLASSE
37066042	2e KLASSE
37066043	2e KLASSE
37066044	2e KLASSE
37066045	2e KLASSE
37066046	2e KLASSE
37066047	2e KLASSE
37066048	2e KLASSE
37066049	2e KLASSE
37066050	2e KLASSE
37066051	2e KLASSE
37066052	2e KLASSE
37066053	2e KLASSE
37066054	2e KLASSE
37066055	2e KLASSE
37066056	2e KLASSE
37066057	2e KLASSE
37066058	2e KLASSE
37066059	2e KLASSE
37066060	2e KLASSE
37073213	3e KLASSE
37073214	3e KLASSE
37073215	3e KLASSE
37073216	3e KLASSE
37073217	3e KLASSE
37073218	3e KLASSE
37073219	3e KLASSE
37073220	3e KLASSE
37073221	3e KLASSE
37073222	3e KLASSE
37073223	3e KLASSE
37073224	3e KLASSE
37073225	3e KLASSE
37073226	3e KLASSE
37073227	3e KLASSE
37073228	3e KLASSE
37073229	3e KLASSE
37073230	3e KLASSE
37073231	3e KLASSE
37073232	3e KLASSE
37073233	3e KLASSE
37073234	3e KLASSE
37073235	3e KLASSE
37073236	3e KLASSE
37073237	3e KLASSE
37073238	3e KLASSE
37073239	3e KLASSE
37073240	3e KLASSE
37073241	3e KLASSE
37073242	3e KLASSE
37073243	3e KLASSE
37073244	3e KLASSE
37073245	3e KLASSE
37073246	3e KLASSE
37073247	3e KLASSE
37073248	3e KLASSE
37073249	3e KLASSE
37073250	3e KLASSE
37073251	3e KLASSE
37073252	3e KLASSE
37073253	3e KLASSE
37073254	3e KLASSE
37073255	3e KLASSE
37073256	3e KLASSE
38	SE IEC
38044481	1901
39	SE IEC
39037297	UGANDA PREMIER LEAGUE
39037298	FUFA BIG LEAGUE
39037299	Stanbic UGANDA CUP
39053548	LENG U
4	ROYAL FA•lB9S
40	MLS
40000400	onGC ， 的 G'tm
40009398	INDIA
40009399	INDIA
40009402	INDIA
40009404	00 /
40023116	NPL NAGALAN L PREMIER L EAG E
40023117	DIU
40023157	SH PRE 、 IIER I.EA 《 ' 〈
40023158	MIZORAM PREMIER LEAGUFI
40023576	INDIA
40026090	KFA
40026565	《 Hef0
40026573	（ 〔 ASSO
40026574	INDIA
40026582	INDIA
40026734	INDIA
40028289	INDIA
40035406	SAHARA*
40035407	SH PRE 、 IIER I.EA 《 ' 〈
40035409	airtelLERGUE
40035410	NOUTH LIT
40035411	NOUTH LIT
40035412	NOUTH LIT
40035413	NOUTH LIT
41023296	| N D O N E S I A N PREMIER LEAGUE
41042740	LlGA2
41042741	L 0
41042742	L 0
41042743	L 0
41042744	L 0
41042745	L 0
41042746	凵 64 3
41045091	NUSANTARD'
41045103	L I G A
41045104	L I G A
41045105	L I G A
41045106	L I G A
41046986	L 0
41046987	L 孬 0
41046988	L 孬 0
41047308	GO' JEK traveloka Liga 1
41047309	GO' JEK traveloka Liga 1
41053475	L127
41053476	L127
41057429	L 0
41057430	0 L 禹
41058630	PSSI
41058631	PSSI
41064069	L I G A
41064070	L I G A
41064071	L I G A
41064072	L I G A
413780	\ \ 羊 00 丿 丶 ORT | 正 R 、 IRF,IAND
413781	NORTIIERN IRF„IA.M)
413782	\ \ 00 丿 NORTIIERN IRF„IAND
413783	\ 、 00 丿 WRTIIERN IREIA.M)
414225	BetMc Lea n LEACUE CUP
417858	Rushmere
417859	卦 000 忉 NORTHERN IRELAND 》
418017	lnterrnediate Cup
418018	卦 000 忉 NORTHERN IRELAND 》
418870	弓 匚 T 厶 NT p 0 R T 弓
419047	0 唧 NC 呶
42	負 DIVISION
42000527	ISRAEL 0
42016163	ISRAEL
42016164	ISRAEL
42016165	ISRAEL
42021438	ISRAEL
42021439	ISRAEL
42021440	ISRAEL
42021441	ISRAEL
42021442	ISRAEL
42021443	ISRAEL
42021444	ISRAEL
42021445	ISRAEL
42021446	ISRAEL
42021447	ISRAEL
42021448	ISRAEL
42021449	ISRAEL
42021450	ISRAEL
42033224	ISRAEL
42033226	ISRAEL
42033228	ISRAEL
42033240	ISRAEL
42038170	到 簟 奠 汾 000
42038862	到 簟 奠 汾 000
42057767	ISRAEL
42085476	ISRAEL 0
42085478	ISRAEL 0
42085479	ISRAEL 0
42085480	ISRAEL 0
42085481	ISRAEL 0
42085482	ISRAEL 0
42085483	ISRAEL 0
42085484	ISRAEL 0
42085485	ISRAEL 0
42085486	ISRAEL 0
42085487	ISRAEL 0
42085488	ISRAEL 0
42085489	ISRAEL 0
42085490	ISRAEL 0
43	lOns |
43001467	pRO
43032015	BKN301
43048743	SE IEC
43064519	0 BRULIO
43064520	0
43064521	LND 0 CAIABR\
43064522	0
43064523	0
43064524	擻 0
43064525	擻 0
43064526	L ND 0 VENEZlÅ6
43064527	巛 0 Z ℃
43064528	巛 0 Z ℃
43064529	擻 0 0 I/GUR\Å
43064530	0
43064531	0
43064532	0
43064533	擻 0 R 〔
43064534	巛 0 MOLISE
43064535	0
43064536	0
43064537	0
43064538	0
43064539	0 5 / 〔 旧
43064540	0 5 / 〔 旧
43064541	0
43064542	0
43064543	L 0 L 潤 0
43064544	0 0 UMBR\Å
43064545	0
43064546	0
43078059	0
43104614	0 BRULIO
43104615	0 BRULIO
43104616	0
43104617	LND 0 CAIABR\
43104618	LND 0 CAIABR\
43104619	0
43104620	0
43104621	0
43104622	0
43104623	擻 0
43104624	擻 0
43104625	擻 0
43104626	擻 0
43104627	L ND 0 VENEZlÅ6
43104628	L ND 0 VENEZlÅ6
43104629	巛 0 Z ℃
43104630	巛 0 Z ℃
43104631	巛 0 Z ℃
43104632	巛 0 Z ℃
43104633	擻 0 I/GIJR\Å
43104634	擻 0 I/GIJR\Å
43104635	0
43104636	0
43104637	0
43104638	0
43104639	0
43104640	0
43104642	擻 0 R 〔
43104643	擻 0 R 〔
43104644	巛 0 MOLISE
43104645	0
43104646	0
43104647	0
43104648	0
43104649	巛 0 PUGL\Å
43104650	巛 0 PUGL\Å
43104651	0
43104652	0
43104653	0 5 / 〔 旧
43104654	0 5 / 〔 旧
43104655	0 5 / 〔 旧
43104656	0 5 / 〔 旧
43104657	0
43104658	0
43104659	0
43104660	0
43104661	《 ND TRENIO
43104662	0 0 UMBR\Å
43104663	0 0 UMBR\Å
43104664	0
43104665	0
43104666	0
43104667	0
43104668	0
43111781	008R 脒
43111782	008R 脒
43111783	008R 脒
43111784	008R 脒
43127171	SERIE C
43127172	SERIE C
43127173	SERIE C
43127174	SERIE C
43127179	垡 0
43131832	丿 IAREGGIO UP
43163375	ECCELLENZA
43163376	ECCELLENZA
43163377	ECCELLENZA
43163378	0
43163379	擻 0
43163380	ECCELLENZA
43163381	巛 0 Z ℃
43163382	ECCELLENZA
43163383	擻 0 I/GIJR\Å
43163385	ECCELLENZA
43163386	ECCELLENZA
43163387	ECCELLENZA
43163388	巛 0 PUGL\Å
43163389	ECCELLENZA
43163390	ECCELLENZA
43163391	0
43163392	L 0 L 潤 0
43163393	ECCELLENZA
43163394	ECCELLENZA
43163395	ECCELLENZA
432083	[还0@飞地辑 0@剽騰L 00T 為 过
432090	NORTHERN CHAMPIONSHIP
432091	0 SOUTHERN CHAMPIONSHIP
432263	MaInland
432264	cap |
432265	cap |
432266	ÄTHE
43344138	PRIMAVERA 引 M
43344139	PRIMAVERA 引 M
43344140	PRIMAVERA 引 M
43344141	PRIMAVERA 引 M
43344143	PRIMAVERA 引 M
43344150	PRIMAVERA 引 M
43344151	PRIMAVERA 引 M
43344152	PRIMAVERA 引 M
43344153	PRIMAVERA 引 M
43344154	PRIMAVERA 引 M
43344155	PRIMAVERA 引 M
43344156	PRIMAVERA 引 M
43344157	PRIMAVERA 引 M
43344158	PRIMAVERA 引 M
43344160	PRIMAVERA TIMVISION CUP
43344161	SUPERCOPPA PRIMAVERA
43344162	PRIMAVERA
43411771	0 BRULIO
43411772	0
43411773	0 BRULIO
43411774	0 BRULIO
43411775	0 BRULIO
43411776	0 BRULIO
43411777	0
43411778	0
43411779	0
43411780	0
43411781	LND 0 CAIABR\
43411782	LND 0 CAIABR\
43411783	LND 0 CAIABR\
43411784	LND 0 CAIABR\
43411785	0
43411786	0
43411787	0
43411788	0
43411789	0
43411790	0
43411791	0
43411792	擻 0
43411793	擻 0
43411794	擻 0
43411795	擻 0
43411796	擻 0
43411797	擻 0
43411798	擻 0
43411799	擻 0
43411800	L ND 0 VENEZlÅ6
43411801	L ND 0 VENEZlÅ6
43411802	L ND 0 VENEZlÅ6
43411803	巛 0 Z ℃
43411804	巛 0 Z ℃
43411805	巛 0 Z ℃
43411806	巛 0 Z ℃
43411807	巛 0 Z ℃
43411808	巛 0 Z ℃
43411809	巛 0 Z ℃
43411810	巛 0 Z ℃
43411811	巛 0 Z ℃
43411812	擻 0 I/GIJR\Å
43411813	擻 0 I/GIJR\Å
43411814	擻 0 I/GIJR\Å
43411815	擻 0 I/GIJR\Å
43411816	0
43411817	0
43411818	0
43411819	0
43411820	0
43411821	0
43411822	0
43411823	0
43411824	0
43411825	0
43411826	0
43411827	0
43411828	0
43411829	擻 0 R 〔
43411830	擻 0 R 〔
43411831	擻 0 R 〔
43411832	擻 0 R 〔
43411833	巛 0 MOLISE
43411834	巛 0 MOLISE
43411835	巛 0 MOLISE
43411836	0
43411837	0
43411838	0
43411839	0
43411840	0
43411841	0
43411842	0
43411843	0
43411844	巛 0 PUGL\Å
43411845	巛 0 PUGL\Å
43411846	巛 0 PUGL\Å
43411847	0
43411848	0
43411849	0
43411850	0
43411851	0 身 韌 E
43411852	0 5 / 〔 旧
43411853	0 5 / 〔 旧
43411854	0 5 / 〔 旧
43411855	0 5 / 〔 旧
43411856	0 5 / 〔 旧
43411857	0 5 / 〔 旧
43411858	0 5 / 〔 旧
43411859	0
43411860	0
43411861	0
43411862	0
43411863	0
43411864	0
43411865	《 ND TRENIO
43411866	《 ND TRENIO
43411867	《 ND TRENIO
43411868	0 0 UMBR\Å
43411869	0 0 UMBR\Å
43411870	0 0 UMBR\Å
43411871	0 0 UMBR\Å
43411872	0
43411873	0
43411874	0
43411875	0
43411876	0
43411877	0
43411878	0
43411879	0
43411880	0
43411881	0
45	PREMIERSHIP
45002926	JAPAN JFA
45002927	HSL
45002928	HSL
45002990	AOMORI FOOTBALL ASSOCIATION
45002991	AKITA FOOTBALL ASSOCIATION
45002992	JAPAN JFA
45002993	JAPAN JFA
45002994	JAPAN JFA
45002995	JAPAN JFA
45002997	JAPAN JFA
45002998	JAPAN JFA
45002999	JAPAN JFA
45003000	JAPAN JFA
45003001	JAPAN JFA
45003002	JAPAN JFA
45003004	露 头 愛 知 禦 力 一 協 会
45003005	JAPAN JFA
45003006	JAPAN JFA
45003007	． 鼎 丿 办 一 協 会
45003008	JAPAN JFA
45003009	IFA
45003011	0 。 ' 洞 够 力 一 協
45003014	JAPAN JFA
45003015	一 穀 社 团 法 人 奈 良 力 一 協 会
45003016	JAPAN JFA
45003017	SHIGA FOOTBALL 到 ASSOCIATION
45003018	謝 祭 申 ， 杓 ， 国 体
45003019	0 / 0i0 00 OS 孕 ffiO 訁 ,
45003022	JAPAN JFA
45003024	JAPAN JFA
45003025	JAPAN JFA
45003028	《 0 福 岡 累 以 力 二 会
45003029	JAPAN JFA
45003031	JAPAN JFA
45003033	大 以 力 一 杉 人 公 《 》 OFA
45003035	JAPAN JFA
45003127	]0M0 ℃ UP
45003339	JAPAN JFA
45003340	HSL
45003341	HSL
45003342	HSL
45003343	HSL
45015072	] 0M0 CU P
45020033	昼 2 乒 ' IBBE CLUB
45024430	Digicel
45024431	TIZ 酽
45024433	TTFA 0 0 TOB 00
45024434	TTFA 0 0 TOB 00
45024978	EAFF FOOTBALL CHAMPIONSHIP
45026056	JAPAN JFA
45026057	JAPAN JFA
45031863	JAPAN JFA
45031898	JAPAN JFA
45031899	HSL
45031900	JAPAN JFA
45031901	JAPAN JFA
45031902	JAPAN JFA
45031904	C 》 RJGOKU SCCCER LEAGuE
45031905	JAPAN JFA
45032269	JAPAN JFA
45032270	JAPAN JFA
45032271	C 》 RJGOKU SCCCER LEAGuE
45032272	JAPAN JFA
45032273	HSL
45032274	JAPAN JFA
45032275	JAPAN JFA
45033356	JAPAN JFA
45036299	HSL
45037690	JAPAN JFA
45037719	JAPAN JFA
45037720	JAPAN JFA
45037739	JAPAN JFA
45037740	JAPAN JFA
45037741	JAPAN JFA
45037742	JAPAN JFA
45076923	HSL
45077254	HSL
45077255	JAPAN JFA
45077256	HSL
45077257	JAPAN JFA
45077259	JAPAN JFA
45077260	JAPAN JFA
45077262	C 》 RJGOKU SCCCER LEAGuE
45077263	JAPAN JFA
45077264	JAPAN JFA
45077265	JAPAN JFA
45077266	JAPAN JFA
45077267	JAPAN JFA
45077269	JAPAN JFA
45077270	JAPAN JFA
45077272	C 》 RJGOKU SCCCER LEAGuE
45077273	JAPAN JFA
45077274	JAPAN JFA
45081234	JAPAN JFA
45081235	JAPAN JFA
45081236	JAPAN JFA
45081238	JAPAN JFA
45081239	JAPAN JFA
45081241	C 》 RJGOKU SCCCER LEAGuE
45081242	C 》 RJGOKU SCCCER LEAGuE
45081243	C 》 RJGOKU SCCCER LEAGuE
45081244	JAPAN JFA
45081245	JAPAN JFA
45082431	姬 HEAT
45082434	CAWAh PREMIER LEÅG 韭
45082441	姬 HEAT
45082484	otba//
45095226	HSL
45115573	高 宫 杯 ． 18
45115574	高 宫 杯 ． 18
45115575	高 宫 杯 ． 18
45115576	高 宫 杯 U ． 18 PRINCE LEAGUE
45115577	HSL
45115581	JAPAN JFA
45115583	C 》 RJGOKU SCCCER LEAGuE
45115586	高 宫 杯 U ． 18
45115587	高 宫 杯 U ． 18
45115588	高 宫 杯 U ． 18
45115589	高 宫 杯 U ． 18
45115590	高 宫 杯 U ． 18
45115591	高 宫 杯 U ． 18
45115592	高 宫 杯 U ． 18
45115593	高 宫 杯 U ． 18
45115594	高 宫 杯 U ． 18
45115595	高 宫 杯 U ． 18
45116776	HSL
46	《 CHAMPIONSHIP
47	点 GU 臼
47000007	FAF
47017525	ATB'LDTGAS SPELES TVLJAS KAUS
47017546	LFF TAU £
47024182	Super Gup
47024230	00M
47040943	SUPER I<AUSS
47052616	二 RAII' C 0 CUP
47053671	AMATEUR L E A G U E
47069514	ZIEMRS KRUSS 0
47075710	2 VAKEAOHCKA 少
47075711	2 VAKEAOHCKA 少
49038698	N3 ATlONAL3
49038703	U19
49038704	U19
49038705	U19
49038706	U19
49038779	u19 N T 》 0 L
50	ALLSVENSKAN UNIBET
50046767	N3 ATlONAL3
50046768	N3 ATlONAL3
50046769	N3 ATlONAL3
50046770	N3 ATlONAL3
50046771	N3 ATlONAL3
50046772	N3 ATlONAL3
50046773	N3 ATlONAL3
50046774	N3 ATlONAL3
50046775	N3 ATlONAL3
50046776	N3 ATlONAL3
50046777	N3 ATlONAL3
50046778	N3 ATlONAL3
50046779	N3 ATlONAL3
50046780	N3 ATlONAL3
50046781	N3 ATlONAL3
50046782	N3 ATlONAL3
50046783	N3 ATlONAL3
50048443	N3 ATlONAL3
50048444	N3 ATlONAL3
50048445	N3 ATlONAL3
51013960	LNT
51013961	/ G TLJ
51013965	LNT
51013966	LNT
51013967	/ G TLJ
51013968	/ G TLJ
51013985	/ G TLJ
51013986	/ G TLJ
51013987	/ G TLJ
51013988	/ G TLJ
51013989	/ G TLJ
51013990	/ G TLJ
51013991	/ G TLJ
51013992	/ G TLJ
51013993	/ G TLJ
51013994	/ G TLJ
51013995	/ G TLJ
51013996	/ G TLJ
51013997	/ G TLJ
51013998	M CO
51013999	M CO
5103714	PITC PARTNERS WITH 1 少 · 《 ISTHMIAN FOOTBALL LEAGUE
5103715	C 思 焦 GU 茫
5103716	PITC PARTNERS WITH NO RT H ER N P R E M 《 ER LEAGUE
51060286	LNT
51064381	*BBVA LlGABancomer Sub 20
51064382	M CO
51064383	M CO
51078102	X$GUES
5111902	0 0 b 以 1 1 1 0 以 以 u 0
5111904	PITC PARTNERS WITH SOUTHERN FOOTBALL LEACUE
5111905	PITC PARTNERS WITH SOUTHERN FOOTBALL LEACUE
5111906	:eague
5123054	vanarama NATIONAL LEAGUE
5123055	vanaramölå
52	SUPERETTAN 翰 OBOS
52001471	V007 *NORTHERN IREIAND
52005285	冒 酽 酽 0 酽
52025757	冒 酽 酽 0 酽
52025827	冒 酽 酽 0 酽
52029648	亽 SENIQ 々
52029649	亽 SENIQ 々
52031875	ffrmus
52031876	0 NI FOOTBALL EST.2CM
52033665	•rror 00r &
52033666	NSI'I"I'U -I-ED 1923
52033667	NSI'I"I'U -I-ED 1923
52033668	•rror 00r &
52033669	ffrmus
52033670	众 R N B•A N E L E A G U E
52033672	众 R N B•A N E L E A G U E
52033673	0
52033674	卜 A 0 F&W
52033675	卜 A 0 F&W
52033676	卜 A 0 F&W
52033677	0 QAGLJE
52034091	0 唱
52034092	ffrmus
52036065	卜 以 A 0 F&W
52038068	\ \ V00 / 丝 N()RTIIERN IREI.AND
52038070	\ \ V00 / 丝 N()RTIIERN IREI.AND
52041411	F00 OC 《 \
52041415	虍 00 巾
52063048	F00 est. 2006
52074160	卦 000 忉 NORTHERN IRELAND 》
52074161	卦 000 忉 NORTHERN IRELAND 》
52074162	卦 000 忉 NORTHERN IRELAND 》
52074163	卦 000 忉 NORTHERN IRELAND 》
52074164	卦 000 忉 NORTHERN IRELAND 》
52074165	卦 000 忉 NORTHERN IRELAND 》
52086955	PRENIERSHIP
52086958	LEAGUE SOUTH
52086971	LEAGUE NORTH
52089150	lrro
5209094	scOTLA/vo
52092869	NORTHERN IRELAND FOOTBALL LEAGUE ACADEMY G 耻 《
52092877	eat fresh•
52092910	0 》 0 ． H E R N IRELAND 〕 C)T E3A L L LEAGUE
52094997	PREMIERSHIP 0 《 V OPM [ 照 r LEAGUE
52098613	\STR ℃
52098632	Founded
52098633	1980
52098634	K 丨 L 0 八 R
52098635	人 脒 enn 0 《 cccer League
52098637	0 巧 丨
52098640	ShO
52098641	'%C LEAGUY
5250792	Campeonato betsson
5250793	Ascenso betsson
5251645	opa ChiIe
5260948	7 ÉetPIay DIMAYOR
5260949	CAMPEONATO C 甩 N PRIMERA C COP 陋 et 剜 ay 冫 ． 2023
5260950	BetPlay DIMAYOR
5290551	LIGAI betsson
5290552	000A 0 〕
5290553	LIGA2
53	乁 乁 丿 / 一 S V E R | G E
53006964	NORGE
53006974	NORGE
53045703	凵 GAEN
53045723	凵 GAEN
53051837	unicef@ 、 冫 M 下 釘 FI [
53057341	NorskTipping Ligaen
53057342	NorskTipping Ligaen
53057343	NorskTipping Ligaen
53057344	NorskTipping Ligaen
53057345	NorskTipping Ligaen
53057346	NorskTipping Ligaen
53057347	NorskTipping Ligaen
53057348	NorskTipping Ligaen
53057349	NorskTipping Ligaen
53057350	NorskTipping Ligaen
53057351	NorskTipping Ligaen
53057352	NorskTipping Ligaen
53083513	NORGE
53083514	NORGE
53083515	NORGE
53083516	NORGE
53083517	NORGE
53083518	NORGE
53083519	NORGE
53083520	NORGE
53083521	NORGE
53083522	NORGE
53083523	NORGE
53083524	NORGE
53130077	、 0 6E5
5314307	vbet KV60K YKPaiHh
53149467	凵 GAEN
53150081	telenor cupen
53160818	NORDLAND
53161019	G19 NASJONAL SERIE
53161031	AGDER
53161055	0S [ 0
53161161	HORDALAND
53161423	TRONDELAG
53161558	SUNNMORE
53161605	ROGALAND
53161738	BUSKERUD
53161825	AKERSHUS
53161891	OSTFOLD
53162005	0S [ 0
53162007	INDRE OSTLAND
53162017	SUNNMORE
53162018	NORDMORE 佣 ROMSDAL
53162022	HALO 删 ND
53162023	TROMS
53162206	INDRE OS_TIAND
53162334	TROMS
53163904	VESTFOLD
53164597	TELEMARK
53165642	FINNMARK
5320807	vbet cynepKY60K
5340000	BGL Ligue
5340010	LO NATIONALE
5360062	Bangladesh Premier League
5385513	DIVISIUTAMA
5385703	DIIJISI IITAMA 2m2 2011
5385746	DIVISIUTAMA
5385747	DIVISIUTAMA
5395852	、 91 INGAQ
5395864	Great
54	乁 乁 丿 / 一 S V E R | G E
55	乁 乁 丿 / 一 S V E R | G E
550001	V.LEAGUE 2 202 叾
55020301	丿 避 辶
55020400	DIVISÅ@
55020401	DIVISÅ@
55020402	DIVISÅ@
55027135	。 DIVISÄO
55027140	。 DIVISÄO
55027141	。 DIVISÄO
55027142	。 DIVISÄO
55027143	。 DIVISÄO
55027144	。 DIVISÄO
55027145	。 DIVISÄO
55027146	。 DIVISÄO
5512770	PRIMERA DIVISIÖN PROFESIONAL
5512771	SEGUNDA DIVISIÖN PROFES ℃ NAL
5512772	DIVISION AMATEUR 《
558118	亽 SENIQ 々
559815	0 THE CUP
56	乁 乁 丿 / 一 S V E R | G E
56039004	F M F
5607687	REGIONÅL 凵 GA OöFV STFV
5607688	REGIONALLIGAWest
5607689	'OFB ，
5623025	0 《 0 0 、 的 《 0 过
5623059	U ^ FA
5623071	U/\FT\
5624449	帏0世@ 0 0
5624450	+ONG 彳
5624451	CUP
5624452	LEAGUE
5624453	+ONG 彳
5624454	SEIIIORISHIELD
5624455	gc.)i:1D(')jU
5624525	《 WfO
5624530	SAHARA*
5624535	airtelLERGUE
5624537	卩 一 尽 还
5624539	+ONG 彳
5624694	+ONG 彳
5624899	PREMER F(X)TBACI_
5624904	INDIA
5624920	HAI LEAGU
5624922	SAHARA*
5624934	airtelLERGUE
5624940	INDIA
5625174	（ 〔 ASSO
5625176	fßAQ
5626560	$ 0u0
5626564	0
5626587	阳 Ls ARAB F 25
5626607	0 过 00
5626772	lU-119
5626814	` 00t 'EASTYASIANI 'FOOTBALL CHAMP,IONSHIP
5626821	OOTB 々
5626828	lU-119
5626836	"FF FOOTBALL 「 H 厶 凹 P ONSHIP
5627647	"FF FOOTBALL 「 H 厶 凹 P ONSHIP
5627764	U ^ FA
5628191	匚 F R 中 国
5628525	+ONG 彳
5629195	WAFF
5629952	LEB 劌 0
5629966	LEB 劌 0
5629986	LEB 劌 0
5629989	LEB 劌 0
5629996	LEB 劌 0
5630003	LEB 劌 0
5630004	丨 EA AL CH
5630275	0 0 刂 BRUNEI PREMIER LEAGU
5631613	LEB 劌 0
5633774	F F S L
5633779	SRI LANKA FOOTBALL
5633837	0 VÅNTAGE FAC
5634047	SRI LANKA FOOTBALL
5635115	SYRIAN 》 FOOTBALL CUP,
5635278	Zordanian Pro League
5635279	jordan Super Cup
5635280	JFA SHIELD
5635283	JFA
5637985	《 0 LEAGUE
5637986	CHAMPIONSHIP
5638008	MALDIVES
5638025	MALDIVES
5638034	3 加 IVI 引
5638317	e N FL National FOOtball League
5688090	ABC MOTSEPE LEAGUE
57	乁 乁 丿 / 一 S V E R | G E
5701179	BiirQer
57015177	即 M 贐
57015178	即 M 贐
57015179	即 M 贐
57015180	即 M 贐
57015181	即 M 贐
57015182	LIGA 3
5707678	KOREA NATIONAL LEAGUE
57129144	ADEPLAST'
57153717	ARAMURES
57153718	ARAMURES
57153763	Judeteana
57159064	JtOteana
5745011	BH
5745014	BH
5745017	BH
5745020	Telekom 1 ℃ F
5754884	BH
5754885	BH
5754888	ampltudo 2.@FL
5756173	BH
5756176	BH
5756178	BH
5756180	BH
5770142	BH
5770143	BH
5776050	PRVA 凵 GA SRBIJA
58	乁 乁 丿 / 一 S V E R | G E
58062102	巫 0Y1 0 *
58062103	巫 0Y1 0 *
58062104	巫 0Y1 0 *
58135039	0yT60 00 彳 OBC 队 0
58135041	巫 0Y1 0 *
58135044	bH EBO
58135045	CO ℃ 3
59006196	IDBANK PREMIER LEAGUE
59006197	恤 口 LI
59006198	ERAT/o
59006199	ArmenIon CUP
59006945	FFA
59007527	OLIMPBET.KZ
59007546	0YT50
59007572	0YT50
59007597	0yT50
59007598	00nK0
59007606	FFA
59007607	SUPER LIGA
59007628	F M F
59007871	Ofima
59007964	2 2
59008328	FFA
59008472	LIGA
59008473	LIGA
59010820	00nK0
59035829	00nK0
59045407	Ofima
59045408	Ofima
59046303	ERAT/o
59059092	nEPBEHCTBO 0 bO Y
59069897	nEPBAR JIffA nEPBEHCm wprÜ3CTAHA nO OYTSOny
59069898	nEPBAR JIffA nEPBEHCm wprÜ3CTAHA nO OYTSOny
59077020	FFA
59091979	UFF
59107181	队 OClnKQ 玢
59107182	KFF KHS 气
59107183	KFF KHS 气
59107184	KFF KHS 气
59107185	KFF KHS 气
59107186	KFF KHS 气
59107188	CEMEV'
59107189	Fb/C
59107192	MO 巾
59107194	` 60n Ac 2016
59107196	H H 应 （ 寫
59107201	KFF
59107202	\CTblK 0 步
59110037	《 OOm
59125821	-SCERCUPA MOLDOVEI
59126495	1 C yst 如 e £
59126496	2 C yst 如 e £
59126497	CITlöö 3
59128820	0
59128824	0
59135038	田 LI 删
59143557	GFF
59143702	GFF
6	1JPERLlGß
60	LIGA PO UG 亂 Betclic
60008733	BKN301
60008783	SUPER 匚@PPA SAN.nrv1ARlNESE
60021349	闫 N ] 闫 R 丨 N 卜
60024420	闫 N ] 闫 R 丨 N 卜
61	LIGA PORTUGAL SABSEG SEGUROS
61006616	EAST O F S C O T L A N D
61006617	scOTLA/vo
61006755	SCO
61006769	north caledonian league
61021798	WOSFL
61021805	scOTLA/vo
61021806	scOTLA/vo
61021807	scOTLA/vo
61021808	scOTLA/vo
61021809	East PREM'ERSH'P SOUTH 0
61021810	Ea Region PREMIERSHIP 1 NORTH
61021811	Region
61021812	Region
61021813	Region
61021815	、 t
61025746	scOTLA/vo
61026063	scOTLA/vo
61026070	scOTLA/vo
61026075	GPH BUILDERS ERCHANTS
61026076	scOTLA/vo
61026077	WOSFL
61058066	scOTLA/vo
61058067	scOTLA/vo
61058068	scOTLA/vo
61058069	scOTLA/vo
61058071	scOTLA/vo
61058072	scOTLA/vo
61058124	scOTLA/vo
61058250	scOTLA/vo
61058280	scOTLA/vo
61058281	scOTLA/vo
61063387	SCO 「 IGS 目 LOWLAN 的 FOOTBALL LEAGUE
61081064	PREMIERSHIP
61081065	PREMIERSHIP
61081066	PREMIERSHIP
61088722	EAST O F S C O T L A N D
61088723	EAST O F S C O T L A N D
61088724	EAST O F S C O T L A N D
61089737	RESERVE LEAGUE
61089738	RESERVE UEAGUE 2
61089739	RESERVE CUP
61089740	Z¯)RE,SE;RVE 一 CHALLENGE
612799	乁 丿 / 一 S V E R | G E
62	DIVISÅ@
62002147	FS 飞 CG
62055311	S 0
62095849	BH
62206514	BH
62206516	BH
62206518	POKAL 。
62214656	BH
62214658	2SK
63	DIVISÅ@
63032007	S F 1
63032037	S F 1
63032038	S F 1
63032039	S F 1
63032073	S F 1
64	DIVISÅ@
64000177	0 、 过 OV N
6400089	乁 丿 / 一 S V E R | G E
6400090	乁 丿 / 一 S V E R | G E
6400091	乁 丿 / 一 S V E R | G E
6400092	乁 丿 / 一 S V E R | G E
6400093	乁 丿 / 一 S V E R | G E
6400094	乁 丿 / 一 S V E R | G E
6400095	乁 丿 / 一 S V E R | G E
6400096	乁 丿 / 一 S V E R | G E
6400097	乁 丿 / 一 S V E R | G E
6400098	乁 丿 / 一 S V E R | G E
6400099	乁 丿 / 一 S V E R | G E
6400100	乁 丿 / 一 S V E R | G E
64005980	SUPER%PUKÅL 。 TelekomSloven
64043172	0 怡 ℃ m
64047529	0 怡 ℃ m
64047956	CO 虍 描 00 LEAGUE 2
65	。 DIVISÄO
65010780	ABC MOTSEPE LEAGUE
65010781	ABC MOTSEPE LEAGUE
65010782	ABC MOTSEPE LEAGUE
65010783	ABC MOTSEPE LEAGUE
65010784	ABC MOTSEPE LEAGUE
65010785	ABC MOTSEPE LEAGUE
65010786	ABC MOTSEPE LEAGUE
65010787	ABC MOTSEPE LEAGUE
65010788	ABC MOTSEPE LEAGUE
65025757	[ 庶 G u E
65025758	[ 庶 G u E
65025759	[ 庶 G u E
65025760	[ 庶 G u E
65025761	[ 庶 G u E
65025762	[ 庶 G u E
65025763	[ 庶 G u E
65025764	[ 庶 G u E
65025765	[ 庶 G u E
65025994	[ 庶 G u E
65025995	[ 庶 G u E
65025996	[ 庶 G u E
65025997	[ 庶 G u E
65025998	[ 庶 G u E
65025999	[ 庶 G u E
65026000	[ 庶 G u E
65026001	[ 庶 G u E
65026002	[ 庶 G u E
65026003	[ 庶 G u E
65026004	[ 庶 G u E
65026005	[ 庶 G u E
65026006	[ 庶 G u E
65026007	[ 庶 G u E
65026008	[ 庶 G u E
65026009	[ 庶 G u E
65026010	[ 庶 G u E
65026011	[ 庶 G u E
65026012	[ 庶 G u E
65026013	[ 庶 G u E
65026014	[ 庶 G u E
65026015	[ 庶 G u E
65026016	[ 庶 G u E
65026017	[ 庶 G u E
65026018	[ 庶 G u E
65026019	[ 庶 G u E
65026020	[ 庶 G u E
65026021	[ 庶 G u E
65026022	[ 庶 G u E
65026023	[ 庶 G u E
65026024	[ 庶 G u E
65026025	[ 庶 G u E
65026026	[ 庶 G u E
65026027	[ 庶 G u E
65026028	[ 庶 G u E
65026029	[ 庶 G u E
65026030	[ 庶 G u E
65026031	[ 庶 G u E
65026032	[ 庶 G u E
65026033	[ 庶 G u E
65026034	[ 庶 G u E
65026035	[ 庶 G u E
65026036	[ 庶 G u E
65026037	[ 庶 G u E
65026038	[ 庶 G u E
65026039	[ 庶 G u E
65026040	[ 庶 G u E
65026041	[ 庶 G u E
65026042	[ 庶 G u E
65026043	[ 庶 G u E
65026044	[ 庶 G u E
65026045	[ 庶 G u E
65037440	D 刈 CHALLENGE
65045201	MUIIICH[II[I DiSki
65307440	DtSkt 《 E I 〕
6600088	ROYAL FA•lB9S
6600089	ROYAL FA•lB9S
6600090	ROYAL FA•lB9S
6600091	ROYAL FA•lB9S
66012765	KOREA "QATIONAI-•LEA,G
66039931	“ iO 沩 “ 如 囟 冫 0 LEAGUE
66040773	LEAGUE
66042231	“ iO 沩 “ 如 囟 冫 0 LEAGUE
66042232	“ iO 沩 “ 如 囟 冫 0 LEAGUE
66042273	“ iO 沩 “ 如 囟 冫 0 LEAGUE
66100517	LEÄGLJE DV' 〔 ED
67036360	0@乍在 0000
67101188	RFGF
67101189	RFGF
67109230	FAF
68012819	乁 乁 丿 / 一 S V E R | G E
692430	、 'JJPQTAOAHMA
694364	\C 下 0
694365	\C 下 0
7	NordicBet
70027104	1923
70043165	《 思 点 能 00n 0 《
70053566	1923
70053752	1923
70053773	OPLER/ N 队 卜
70053817	OPLER/ N 队 卜
70053839	iZMiR ASKF 1982
70053874	iZMiR ASKF 1982
70054268	1923
70054385	ADANA
70054386	ADANA
70054477	OR Sp OER 厶 s 、 0
70084836	1923
70086131	毒 CO n 2 G
70086142	T № 更
70086143	T № 更
70086144	T № 更
70086145	T № 更
70086146	'LiG
70086147	T № 更
70086148	T № 更
70086149	T № 更
70086150	T № 更
70086151	T № 更
70086152	T № 更
70086171	OdJL 、 MÅITOR LIG
70086172	OdJL 、 MÅITOR LIG
70086173	1923
70086174	1923
70086176	1923
70086178	1923
70107798	也 流 ig 丨
70107799	也 流 ig 丨
70107800	1923
70107801	1923
70107802	1923
70107803	1923
70107804	1923
70107805	1923
70107807	1923
70107809	也 流 ig 丨
70118256	1923
70118257	1923
70118258	1923
70124376	毒 CO n ． 2 G
70124377	毒 CO n ． 2 G
71045039	1996
71045302	bKO 「 0 0 1998
71045303	bKO 「 0 0 1998
71045308	0 100
71045309	øEaEpAU\*
71045311	巾 丘
71045314	19 9 6
71045315	nPEM'€P 川 「 A 一 C Oi 0 S n 蟊 C 训
71045316	nPEM'€P 川 「 A 一 C Oi 0 S n 蟊 C 训
71045320	0 ECb 鯊 為 OS 虮 典 CH 轟 00000 》 00 《 轟 CO 《 為 《
71045333	CbKA 0
71045339	cHAAc 、
71045340	仍 e4epO
71045341	仍 e4epO
71045344	為 CO 1997
71045381	0 100
71045511	0 ECb 鯊 為 OS 虮 典 CH 轟 00000 》 00 《 轟 CO 《 為 《
71045512	0 ECb 鯊 為 OS 虮 典 CH 轟 00000 》 00 《 轟 CO 《 為 《
71045938	bKO 「 0 0 1998
71045939	bKO 「 0 0 1998
71045940	bKO 「 0 0 1998
71045941	bKO 「 0 0 1998
71045942	bKO 「 0 0 1998
71045943	bKO 「 0 0 1998
71050733	00y 月 6 孕
71050734	00y 月 6 孕
71051642	bKO 「 0 0 1998
71051644	KYSOK K KOCO
71051645	CbKA 0
71051651	1995
71051655	FEOERATION OF
71051665	44CbKA
71052239	KRAIN
71052240	KRAIN
71052308	為 CO 1997
71052328	、 06 以 c
71052329	、 06 以 c
71052330	、 06 以 c
71064630	CbKA 0
71064631	CbKA 0
71065038	CbKA 0
71065041	巾 丘
71076386	KRAIN
71076387	KRAIN
71076388	KRAIN
71076389	KRAIN
71088573	TEO 010
71093597	TEO 010
71097126	。 T y P I P E H [ 囂 0 B 胤
71099861	YKpaiHCbK'.J npeM'ep-J1ira
71099862	YKpaiHCbK'.J npeM'ep-J1ira
71105153	KRAIN
71105166	KRAIN
72000887	' 0 PASS/O
72004433	SOCCER CSL.
72004694	N P S L
72005983	D R B Y
72005989	N P S L
72005990	《 0 SO 〔 c 下
72006065	C 烈 S ℃ D
72007057	TRILLIUM 阝氫@亟e
72021007	NRSL
72021821	《 0 SO 〔 c 下
72021822	SOCCER CSL.
72022945	I-IEAGUE
72023744	MLS
72023762	IJ 。 《的@的 巨 0 和 卜 丨 卜 T
72023986	QS
72043033	M LS NE T
72043034	M LS NE T
72043035	M LS NE T
72043036	M LS NE T
72043037	M LS NE T
72043038	M LS NE T
72043039	M LS NE T
72051788	TRAFICO
72051797	CANADA
73000048	凵 0 同
73100020	Digicel 0
74	LIGÅ 阏 囚 ONA [ OE FOTBJL
7400001	+ONG 彳
7400198	+ONG 彳
7400579	+ONG 彳
7401053	+ONG 彳
74011024	Cynghrair COStcutter League
74011025	Cynghrair COStcutter League
74011086	Mid Wales Sou 山 Football League
74013576	PA R
7401410	+ONG 彳
74038551	NATIONAL LEAGUe
74040882	虍 00Tß 卜
74040883	0 虍 OOTB 卜
74047338	NATHANIEL MG CUP
74049077	氐 HUWS GRAY ALLIANCE
7460103	THAILAND
7460105	THAILAND
7483354	6EAAPYC6AHK LLJAA J1irA
7483369	APYtA9
75	LIGÅ 阏 囚 ONA [ OE FOTBJL
7500000	éfbet
7500078	KVf1
7500118	BTOPA 月 「 A
7500138	TPETA 月 町 A
7500139	TPETA 月 町 A
7500140	TPETA 月 町 A
7500141	TPETA 月 町 A
7500142	06JIACTHh 「 PY[1h
75034137	Segunda 88TX
75042416	Proyecci6n G GATORADE
75042417	bo 《 Joven G GATORADE
7520395	MOL MAGYAR KUPA
7540024	SUPERLIGA
7540080	LIC 磊 2
7540081	LIC 磊 2
7540206	即 M 贐
7560276	凵 G 办
7560278	U T 8 S F
7560280	U T 8 S F
7580000	PRVÅLIGA telemach
76	BetPlay DIMAYOR
76033484	2 BetPlay DIMAYOR
76050811	SUPERCOPA JUVENIL FCF
7640059	的 URAN CUP
7640505	HefO
7681867	0 、 KRHIKRS
77	BetPlay DIMAYOR
77047934	000A 0 〕
77047935	000A 0 〕
77047936	000A 0 〕
77047937	000A 0 〕
77047938	000A 0 〕
77047939	000A 0 〕
77047940	000A 0 〕
77047941	000A 0 〕
77048809	0 譴 帖 C A
77050928	VOPA FEDERACION
77055504	PROMOCION
7744910	li 口 彐 旧 己 囗 s 闩
7744911	li 口 彐 旧 己 囗 s 闩
7746527	li 口 彐 旧 己 囗 s 闩
7746534	PSSI
7746535	PSSI
7746536	PIALA
7746537	《 PRESIDEN
7746798	DIVISIUTAMA
7746838	DIVISIUTAMA
7746850	DIVISIUTAMA
7746876	li 口 彐 旧 己 囗 s 闩
78	BetPlay DIMAYOR
7800366	CUP
78046529	： OFI 。 1946
78048161	： OFI 。 1946
78058914	PRIMERA DIVISIÖN PROFESIONAL
78079462	PRIMERA DIVISIÖN PROFESIONAL
78084647	JRUGUAV$
781180	明 治 安 田 生 命 J3 L%GVE
7840133	LENG
7840167	LENG U
7840174	、 Miölkurbikarinn 〖
7861961	ISRAEL
786418	JAPAN
7880028	UAE
7880029	UAE
7880030	UAE
788824	HSL
788825	JAPAN
788827	bkuiin•tsu 0 汽 00 会 的 节 淀 亠 0
788828	JAPAN
788830	C 》 RJGOKU SCCCER LEAGuE
788831	JAPAN
788832	JAPAN
788837	JAPAN
788839	JAPAN
79	BetPlay DIMAYOR
7900421	UZBEkISTAN
7900424	UFF
790071	bkuiin•tsu 0 汽 00 会 的 节 淀 亠 0
79010950	巨 G6 ViSiON
79010962	RM £ 0
79023439	APF PRIMERA B
79032895	COPA PARAGUAY
791180	MEIJIYASUDA J3 L%GVE
7920264	0
7920511	SAFF
792200	明 治 安 田 生 命 J3 L%GVE
792312	明 治 安 田 生 命 J3 L%GVE
8	DIVISION
80	C A M P E 0 N AT 0
80000563	Liga Promerica
80000564	凵 GA mOtOfO | 0 ASCENSO
80024180	丐 CER
80030070	ROMMEL 0
8050900	0yT60 彳 08c 四
8050905	bH EBO
8050906	CO ℃ 3
8051008	0
8055860	CO ℃ 3
8074849	øoc 0
8074867	0yT60 00 彳 OBC 队 0
8074898	卜 暾 0 夕 产
8074911	0yT60 00 彳 OBC 队 0
8074978	CO ℃ 3
8075057	巫 0Y1 0 *
81	C A M P E 0 N AT 0
81001140	00T 殳 RMfil 下 R \ 0
81001141	00T 殳 RMfil 下 R \ 0
81001142	00T 殳 RMfil 下 R \ 0
81010065	Cu
81010190	00T 殳 RMfil 下 R \ 0
81010191	00T 殳 RMfil 下 R \ 0
81010192	00T 殳 RMfil 下 R \ 0
81010193	00T 殳 RMfil 下 R \ 0
81010194	00T 殳 RMfil 下 R \ 0
81010195	00T 殳 RMfil 下 R \ 0
81010196	00T 殳 RMfil 下 R \ 0
81010197	00T 殳 RMfil 下 R \ 0
81010198	00T 殳 RMfil 下 R \ 0
81010199	00T 殳 RMfil 下 R \ 0
81010200	00T 殳 RMfil 下 R \ 0
81010201	00T 殳 RMfil 下 R \ 0
81010202	00T 殳 RMfil 下 R \ 0
81010203	00T 殳 RMfil 下 R \ 0
81010204	00T 殳 RMfil 下 R \ 0
81010205	00T 殳 RMfil 下 R \ 0
81012802	00T 殳 RMfil 下 R \ 0
81012803	00T 殳 RMfil 下 R \ 0
81012804	00T 殳 RMfil 下 R \ 0
81012805	00T 殳 RMfil 下 R \ 0
8104334	乁 丿 / 一 S V E R | G E
8104335	乁 丿 / 一 S V E R | G E
8104336	乁 丿 / 一 S V E R | G E
8104337	乁 丿 / 一 S V E R | G E
8104338	乁 丿 / 一 S V E R | G E
8104339	乁 丿 / 一 S V E R | G E
8104340	乁 丿 / 一 S V E R | G E
8104341	乁 丿 / 一 S V E R | G E
8104342	乁 丿 / 一 S V E R | G E
81060705	00T RMfil
81060706	00T RMfil
81060707	00T 殳 RMfil 下 R \ 0
81060708	00T 殳 RMfil 下 R \ 0
81061266	00T 殳 RMfil 下 R \ 0
81061267	00T 殳 RMfil 下 R \ 0
81061268	00T 殳 RMfil 下 R \ 0
81061269	00T 殳 RMfil 下 R \ 0
8154769	ROYAL FA•lB9S
8154770	ROYAL FA•lB9S
8154771	ROYAL FA•lB9S
8154772	ROYAL FA•lB9S
8154773	ROYAL FA•lB9S
8154774	ROYAL FA•lB9S
8154775	ROYAL FA•lB9S
8154776	ROYAL FA•lB9S
8154777	ROYAL FA•lB9S
8154824	ROYAL FA•lB9S
82	Campeonat0 PlanVi 囿
82001154	Digice REMIER
82060923	Digicel
82060936	D2
82061644	A CU
82061799	· GRE PREITIÆR LEAM'E 0
82061861	孬 M 《
82061873	r•dorashon F b 引 8 1 凹
82061953	F 0
82061957	F 0
82061960	F 0
82061993	CAMPEONATO
82062008	CA•,tP€ONATO
82062009	COPA BETICO
82062063	FOOTBALLASSOC
82062064	FOOTBALLASSOC
82062206	0
82062298	tUP
82062411	de Guyone
82062516	SUPER
82062798	DE D E IAA MARTINIQUE
82062803	DE D E IAA MARTINIQUE
82062804	DE D E IAA MARTINIQUE
82062809	TROPHÉE
82062881	€oOTBALz
82062894	阝 CUP
82062960	00 亻 B 《 《
82063267	0 曰 0 00 曰
82074906	Digicel 0
82074999	Digicel 0
82076276	FPF 0 1940
82079395	Trophé 0 Mare EGaiUard 、 ES FC(
82079663	$OCC 下
82081264	MEN'S 丶 ／
82081964	ribbean Clu 处 ShieId
82083790	TTFA
82083791	TTFA
82083792	TTFA
82083794	TTFA
82083795	TTFA
82083796	TTFA
82084883	MU 砌
82085585	MU 砌
82086536	LGF
82086538	LGF
82086556	DE D E IAA MARTINIQUE
82086575	DE D E IAA MARTINIQUE
82086577	DE D E IAA MARTINIQUE
82087027	EAGU
82087039	EAGU
82087044	EAGU
82087049	EAGU
82087844	` 卜 砌 枷 SF 佣 鼽 L s
82087846	` 卜 砌 枷 SF 佣 鼽 L s
83	Campeonat0 PlanVi 囿
8300358	betri D 臼 L D 》 N
8300390	L G M ^ S S T E Y P 》 D 0
83141244	1
83141245	1
83141246	BRAGA
83141247	BRAGA
83141252	凵 GA lll 三 0 ACORES
83141256	3
83148877	丿 避 辶
831597	巛 0 SE D 0
83169224	丿 避 辶
83169225	丿 避 辶
8350942	彐 b1SS 冂 uperiore
8351372	Kategoria e paré
8351374	KUPA E SHQIPÉRISÉ
8351378	Kategoria e Dyté 巧 H 阝
8351454	FSHF
8351580	FSHF
84	LIC MX
8401071	， 00M 0
8401073	m ： tel PREMIJER LIGA B05n 《 Hercegovine
8401074	DRUGA LIGA Federacije BIH
8403697	OPTIBET VirsIiga
8403796	2 M “ 00 AL'1rA
8403797	OPTIBET NAKOTN ES
8403979	1 ， LIGA
8407360	:tel npBA JITA 0 〔 P （
8407370	m ： tel PRVA 凵 GA FEDERACIJE BiH
8425272	0 《 0 仃 讼@尽℃0怍
8425290	CF
8431493	F F
8436666	.ON
8436980	。 N ～ 卜
8454928	cHATHAM
8454929	A U S T R A L 丨 A N S 0 E R
8457145	厂 00 乁 g 卜
8457147	VIDI
8457149	vodafone PREMIER LEAGUE
8459267	DIBILÆL PREMIER CHÅMPIONSHIP
8459307	COOK SLAND
8459343	0 NATIONAL 50CCER ．
85	LIC MX
85138831	U [ RI 0R 0
8550001	V.LEAGUE 2
8550002	回 On SportS
8550028	回 On SportS
8550030	回 On SportS
8550035	IBaFd/
8550043	一 丿
86000000	LIGA Gö
86000002	FUTVE
86000021	I—PFltiö
86000027	NRIMERL
86019125	匚 OP tiGö
862765	HOOFD KLASSE
862766	HOOFD KLASSE
862767	HOOFDKLASSE
862768	HOOFD KLASSE
862769	HOOFD KLASSE
862770	HOOFDKLASSE
8700003	LOTTO Hessen
8700005	OBERLIGA WESTFALEN
87000202	Äscenso
87000495	IC
87000746	卜 》 IM 峭 JO 0
87001812	LIGA DE PLATA
87010714	Äscenso
87010715	Äscenso
87010716	Äscenso
87010717	Äscenso
87010879	Guate
87010880	Guate
87017648	Guate
87038429	PRESIDENTE
8710633	《 0
8710634	《 0
88006344	E NT
88006347	UNITED SOCCER 1
88006349	NW
88006351	centralfootball
88027101	SOCC&Q PNGFA_
88027102	SOCC&Q PNGFA_
88027103	SOCC&Q PNGFA_
88027104	SOCC&Q PNGFA_
8826789	OFI 1946
8830770	的 UB 忿 0
8830803	EOLIM
8876419	DIVISÅ@
89022624	BUILDBA% FA VASE
89056582	引 肛 E 201E
89056583	下 丆 BOLL 巧
89056584	下 丆 BOLL 巧
89062118	0 proxlmus league
89062128	0 proxlmus league
89068643	BETVICTOR ISTHMtAN GI.
89068644	BETVICTOR ISTHMtAN GI.
90	0 匯 乍 公 NATllONß
90025624	S V E R 丨 G E
90077614	JUNIORSKA 凵 GA
90077615	FRCR
90081108	PITC PARTNERS WITH NO RT H ER N P R E M 《 ER LEAGUE
90081109	PITC PARTNERS WITH NO RT H ER N P R E M 《 ER LEAGUE
90086659	scOTLA/vo
90086660	scOTLA/vo
90086661	scOTLA/vo
90086668	spo 「 t 00 《 0
91	0 匯 乍 公 NATllONß
91000065	甑 LI
91107110	REGIONALLIGA N ． RDOST
91107111	REGIONALUCA
91109039	B Y 思
91109040	B Y 思
91109041	OBERLIGA NIEDERRHEIN
91109042	MIITELRHEIN LIGA
91145394	oSTDEUr _ NOFV _
914522	N2 ATlONAL2
914523	N2 ATlONAL2
914524	N2 ATlONAL2
918740	VIGUE MAYOTTE F F
92	0 匯 乍 公 NATllONß
92086575	NFO E 引 0 [ LIG 0R0
92086576	oSTDEUr _ NOFV _
92086577	EnBW Oberliga 」 u n i 0 r n EnBW
92086578	Hessen
92086586	JUNI@REN- BÜ E 甴 G
93	0 匯 乍 公 NATllONß
930953	O S 猃 889
93099401	S V E R 丨 G E
93099402	S V E R 丨 G E
93099403	S V E R 丨 G E
93099404	S V E R 丨 G E
93099456	S V E R 丨 G E
93099457	S V E R 丨 G E
93099473	S V E R 丨 G E
93099474	S V E R 丨 G E
93099497	S V E R 丨 G E
93099498	S V E R 丨 G E
93099499	S V E R 丨 G E
93099500	S V E R 丨 G E
93099501	S V E R 丨 G E
93099502	S V E R 丨 G E
93099503	S V E R 丨 G E
93099504	S V E R 丨 G E
93099505	S V E R 丨 G E
93099506	S V E R 丨 G E
93099507	S V E R 丨 G E
93099508	S V E R 丨 G E
93099524	S V E R 丨 G E
93099752	S V E R 丨 G E
93099753	S V E R 丨 G E
93099754	S V E R 丨 G E
93099755	S V E R 丨 G E
93099756	S V E R 丨 G E
93099757	S V E R 丨 G E
93104593	S V E R 丨 G E
93104594	S V E R 丨 G E
93104595	S V E R 丨 G E
93104596	S V E R 丨 G E
93104597	S V E R 丨 G E
93104598	S V E R 丨 G E
93122166	S V E R 丨 G E
93142413	S V E R 丨 G E
93142414	S V E R 丨 G E
93142415	S V E R 丨 G E
93142416	S V E R 丨 G E
93142417	S V E R 丨 G E
93144368	S V E R 丨 G E
932444	O S 猃 889
94	0 匯 乍 公 NATllONß
94013292	C 思 焦 GU 茫
94016345	FOOTBALL LEAGUE
94029475	PITC PARTNERS WITH SOUTHERN FOOTBALL LEACUE
94048275	PITC PARTNERS WITH SOUTHERN FOOTBALL LEACUE
94048276	PITC PARTNERS WITH SOUTHERN FOOTBALL LEACUE
95	QU 咼 」 老 R §
95003534	KU P 305ne HercegOV1ne
95010081	P r V a 凵 g a F e d e r a C 刂 a 305 《 cegov 地 虻
95035962	PAAMERIu
95039177	二 R ， y 丫 n 丫 1
95041301	CENTRAL
95041302	Qgue
95041303	Qgue
95041304	Qgue
95041305	Qgue
95041317	TheFA YOUTH CUP
95041345	GCC under23
95041689	CENTRAL
95041690	CENTRAL
96	0 ． CARiOCA 糶
96041163	FORTUNA 1 LIGR
96041164	FORTUNA 1 LIGR
96041204	FORTUNA 1 LIGR
96041205	FORTUNA 1 LIGR
96054495	. · LIGA PZPN
96054513	. · LIGA PZPN
96054531	. · LIGA PZPN
96054565	. · LIGA PZPN
96054586	. · LIGA PZPN
96054604	. · LIGA PZPN
96054661	. · LIGA PZPN
96054666	. · LIGA PZPN
96057519	p ZPAJ
96057533	LZPN
96057614	M Z P N
96062912	ow `
96062935	ow `
96062985	1929
96063448	p0 刈 0P0 街 &OZNE)
96070495	. · LIGA PZPN
96070635	. · LIGA PZPN
96070768	. · LIGA PZPN
96070897	. · LIGA PZPN
96071007	. · LIGA PZPN
96071008	. · LIGA PZPN
96071041	. · LIGA PZPN
96071154	. · LIGA PZPN
96071279	. · LIGA PZPN
96071414	. · LIGA PZPN
96071598	. · LIGA PZPN
96071712	. · LIGA PZPN
96071824	. · LIGA PZPN
96071953	. · LIGA PZPN
96072087	. · LIGA PZPN
96072217	. · LIGA PZPN
96072341	. · LIGA PZPN
96072458	. · LIGA PZPN
96072585	. · LIGA PZPN
96072700	. · LIGA PZPN
96072737	. · LIGA PZPN
96072823	. · LIGA PZPN
96117027	bEN IHRLN " 》 GR JUNIOROI
96117028	bEN IHRLN " 》 GR JUNIOROI
96117029	0 bEN IfiHLN " IGR JUNl(fROI
96117030	bEN IHRLN " 》 GR JUNIOROI
96117031	bEN IHRLN " 》 GR JUNIOROI
96117032	bEN IHRLN " 》 GR JUNIOROI
96117033	bEN IHRLN " 》 GR JUNIOROI
96117034	bEN IHRLN " 》 GR JUNIOROI
96117035	bEN IHRLN " 》 GR JUNIOROI
96128698	. · LIGA PZPN
96128753	. · LIGA PZPN
96128791	. · LIGA PZPN
96501381	F M F
96501468	F M F
97	PAULISTA
98027828	0m0 on League
981733	0 WO
